Div,Date,HomeTeam,AwayTeam,FTHG,FTAG,FTR,HTHG,HTAG,HTR,HS,AS,HST,AST,HF,AF,HC,AC,HY,AY,HR,AR,B365H,B365D,B365A,BWH,BWD,BWA,IWH,IWD,IWA,LBH,LBD,LBA,PSH,PSD,PSA,WHH,WHD,WHA,VCH,VCD,VCA,Bb1X2,BbMxH,BbAvH,BbMxD,BbAvD,BbMxA,BbAvA,BbOU,BbMx>2.5,BbAv>2.5,BbMx<2.5,BbAv<2.5,BbAH,BbAHh,BbMxAHH,BbAvAHH,BbMxAHA,BbAvAHA,PSCH,PSCD,PSCA
I1,22/08/15,Lazio,Bologna,2,1,H,2,1,H,21,9,9,4,18,8,10,3,2,1,0,0,1.5,4.2,7,1.5,3.8,7,1.5,4,6.1,1.44,4.33,7.5,1.48,4.52,8.27,1.5,4,7,1.45,4.5,8,40,1.51,1.46,4.52,4.27,8.27,7.39,38,1.94,1.84,2.01,1.94,25,-1.25,2.12,2.04,1.86,1.8,1.48,4.32,8.99
I1,22/08/15,Verona,Roma,1,1,D,0,0,D,12,21,7,8,9,11,3,7,2,1,0,0,5.5,3.75,1.67,5,3.6,1.7,4.5,3.5,1.75,5.25,3.75,1.67,5.35,3.87,1.74,5,3.5,1.73,5.5,3.7,1.75,41,6,5.18,4,3.7,1.75,1.69,39,1.98,1.89,1.98,1.9,26,0.75,2.01,1.95,1.94,1.88,5.68,3.85,1.71
I1,23/08/15,Empoli,Chievo,1,3,A,1,0,H,15,12,5,3,15,19,8,5,1,2,0,0,2.15,3.25,3.6,2.2,3.1,3.4,2.3,3.2,3,2.1,3.2,3.75,2.2,3.28,3.83,2.2,3.1,3.5,2.2,3.13,4,41,2.3,2.15,3.4,3.19,4,3.57,36,2.5,2.35,1.63,1.57,26,-0.25,1.91,1.85,2.07,1.99,2.34,3.31,3.45
I1,23/08/15,Fiorentina,Milan,2,0,H,1,0,H,13,8,7,0,18,16,4,5,3,2,0,1,2.15,3.4,3.5,2.2,3.1,3.4,2.3,3.3,2.9,2.15,3.4,3.4,2.19,3.44,3.66,2.2,3.1,3.5,2.15,3.4,3.75,41,2.3,2.14,3.5,3.33,3.8,3.46,39,1.99,1.91,1.97,1.88,26,-0.25,1.88,1.83,2.08,2.01,2.31,3.35,3.47
I1,23/08/15,Frosinone,Torino,1,2,A,1,0,H,13,26,3,7,10,11,3,12,2,2,0,0,3.5,3.25,2.2,3.4,3.1,2.2,2.9,3.3,2.3,3.4,3.2,2.2,3.79,3.32,2.2,3.4,3.1,2.25,3.75,3.13,2.25,41,3.79,3.51,3.4,3.2,2.3,2.17,36,2.48,2.34,1.62,1.57,26,0.25,2.07,1.98,1.9,1.86,3.77,3.44,2.16
I1,23/08/15,Inter,Atalanta,1,0,H,0,0,D,21,4,7,0,14,12,9,1,2,2,0,1,1.45,4.33,7.5,1.5,4,6.5,1.5,4,6.1,1.44,4.33,7.5,1.5,4.39,8.01,1.5,4,7,1.45,4.4,8,41,1.53,1.47,4.5,4.22,8.01,7.27,39,1.9,1.81,2.04,1.97,26,-1.25,2.15,2.08,1.83,1.78,1.66,3.95,6.1
I1,23/08/15,Juventus,Udinese,0,1,A,0,0,D,21,6,5,2,14,22,10,2,1,3,0,0,1.29,5.5,11,1.3,5,10,1.3,5,9,1.29,5.25,11,1.31,5.72,12.11,1.3,5,11,1.25,5.75,13,41,1.31,1.27,6,5.49,13,11.62,38,1.81,1.73,2.16,2.07,27,-1.5,1.92,1.85,2.05,1.99,1.37,4.9,11.89
I1,23/08/15,Palermo,Genoa,1,0,H,0,0,D,19,11,6,3,10,13,5,6,1,1,0,0,2.2,3.4,3.3,2.25,3.1,3.3,2.3,3.3,2.9,2.25,3.3,3.2,2.22,3.41,3.61,2.25,3.1,3.4,2.25,3.25,3.7,41,2.3,2.19,3.45,3.28,3.7,3.37,37,2.2,2.08,1.79,1.73,26,-0.25,1.93,1.88,2.04,1.96,2.04,3.45,4.2
I1,23/08/15,Sampdoria,Carpi,5,2,H,5,1,H,10,24,7,7,15,16,4,8,1,3,1,0,1.8,3.5,4.75,1.75,3.3,5,1.8,3.5,4.2,1.73,3.6,5,1.83,3.6,5.1,1.8,3.3,5,1.8,3.5,5.5,41,1.83,1.78,3.65,3.47,5.5,4.82,38,2.19,2.12,1.77,1.7,26,-0.75,2.09,2.01,1.88,1.83,2.09,3.27,4.26
I1,23/08/15,Sassuolo,Napoli,2,1,H,1,1,D,16,15,6,3,13,21,5,1,4,2,0,0,4.33,3.75,1.8,4.5,3.4,1.8,4,3.45,1.85,4.5,3.5,1.8,5.11,3.69,1.81,4.5,3.4,1.83,5.2,3.6,1.8,41,5.2,4.6,3.8,3.56,1.85,1.79,39,2.05,1.96,1.92,1.84,26,0.75,1.89,1.83,2.08,2.01,4.88,3.71,1.83
I1,29/08/15,Bologna,Sassuolo,0,1,A,0,0,D,6,9,2,2,15,13,11,5,3,1,0,0,2.25,3.3,3.3,2.3,3,3.3,2.3,3.2,3,2.25,3.25,3.25,2.25,3.38,3.59,2.25,3,3.5,2.3,3.2,3.6,36,2.38,2.21,3.38,3.21,3.59,3.35,34,2.33,2.22,1.7,1.63,23,-0.25,1.94,1.89,2.01,1.95,2.93,3.2,2.72
I1,29/08/15,Milan,Empoli,2,1,H,1,1,D,6,18,4,3,20,16,6,5,0,2,0,0,1.5,4.2,7,1.5,4.1,6.25,1.45,4,7,1.44,4.33,7.5,1.52,4.43,7.31,1.53,4,6.5,1.5,4.3,8,36,1.57,1.49,4.43,4.12,8,6.81,35,1.96,1.85,2,1.92,24,-1,1.93,1.86,2.03,1.98,1.67,4.05,5.7
I1,30/08/15,Atalanta,Frosinone,2,0,H,1,0,H,25,14,11,4,9,13,9,2,1,4,0,0,1.75,3.5,5.25,1.75,3.4,5,1.8,3.5,4.2,1.75,3.5,5,1.77,3.7,5.43,1.8,3.3,5,1.75,3.6,5.5,36,1.8,1.74,3.7,3.5,5.5,4.99,34,2.26,2.16,1.72,1.67,22,-0.75,2.02,1.96,1.94,1.88,1.72,3.85,5.58
I1,30/08/15,Carpi,Inter,1,2,A,0,1,A,10,12,5,5,11,17,2,6,3,4,0,0,4.5,3.5,1.85,4.2,3.4,1.85,4.5,3.5,1.75,5.25,3.6,1.7,4.87,3.62,1.85,4.75,3.6,1.75,5,3.5,1.85,36,5.25,4.6,3.75,3.47,1.85,1.8,34,2.12,2.02,1.85,1.76,24,0.5,2.1,2.03,1.86,1.81,7.45,3.97,1.58
I1,30/08/15,Chievo,Lazio,4,0,H,3,0,H,8,13,5,2,11,14,2,8,0,1,0,0,3.4,3.3,2.2,3.25,3.2,2.2,3.1,3.2,2.25,3.6,3.25,2.1,3.65,3.31,2.25,3.6,3,2.25,3.8,3.13,2.25,35,3.8,3.44,3.35,3.19,2.25,2.17,32,2.35,2.23,1.7,1.62,22,0.5,1.75,1.7,2.25,2.18,4.07,3.32,2.11
I1,30/08/15,Genoa,Verona,2,0,H,0,0,D,20,12,6,2,19,13,4,4,2,2,0,0,2,3.5,3.8,2.05,3.3,3.6,2,3.3,3.6,1.95,3.5,3.8,2.05,3.55,3.99,2.1,3.1,3.8,2.05,3.4,4.2,36,2.1,2.02,3.55,3.39,4.2,3.7,35,2.02,1.95,1.91,1.83,24,-0.5,2.08,2.01,1.89,1.83,1.98,3.65,4.12
I1,30/08/15,Napoli,Sampdoria,2,2,D,2,0,H,27,9,7,4,9,8,4,1,0,2,0,0,1.44,4.5,7.5,1.5,4.1,6.25,1.55,3.9,5.6,1.44,4.33,7,1.48,4.58,7.84,1.5,4,7,1.44,4.5,9,36,1.55,1.45,4.58,4.34,9,7.15,34,1.77,1.7,2.23,2.11,22,-1.25,2.07,2,1.89,1.84,1.36,5.52,9.72
I1,30/08/15,Roma,Juventus,2,1,H,0,0,D,18,10,7,2,15,16,6,6,3,2,0,2,2.6,3.2,2.8,2.65,3.3,2.85,2.6,3.2,2.6,2.6,3.2,2.8,2.69,3.27,2.92,2.7,2.9,2.9,2.7,3.1,3,36,2.75,2.61,3.27,3.11,3,2.8,32,2.4,2.29,1.65,1.6,23,0,1.91,1.85,2.05,1.98,2.6,3.26,3.04
I1,30/08/15,Torino,Fiorentina,3,1,H,0,1,A,10,9,6,5,15,10,4,2,2,3,0,0,2.5,3.2,3,2.6,3,2.85,2.6,3.2,2.6,2.62,3.2,2.75,2.56,3.35,3.02,2.62,3,2.88,2.63,3.2,3,36,2.7,2.53,3.35,3.16,3.02,2.84,34,2.31,2.17,1.71,1.66,23,0,1.86,1.81,2.14,2.02,2.51,3.29,3.14
I1,30/08/15,Udinese,Palermo,0,1,A,0,1,A,25,5,7,1,16,15,10,0,4,2,0,1,2.15,3.3,3.6,2.15,3.2,3.4,2.1,3.3,3.3,2.05,3.3,3.75,2.17,3.4,3.77,2.2,3.1,3.5,2.2,3.2,3.9,36,2.25,2.12,3.4,3.23,3.9,3.53,32,2.31,2.19,1.73,1.64,23,-0.25,1.88,1.83,2.08,2.01,2.44,3.38,3.18
I1,12/09/15,Fiorentina,Genoa,1,0,H,0,0,D,11,12,3,1,19,21,4,2,2,4,1,0,1.67,3.75,5.5,1.67,3.7,5,1.65,3.6,5.1,1.62,3.6,5.5,1.67,4,5.82,1.67,3.8,5,1.65,3.9,6.25,36,1.7,1.65,4,3.78,6.25,5.47,33,1.92,1.87,2.04,1.93,24,-1,2.23,2.17,1.76,1.71,1.83,3.66,5.13
I1,12/09/15,Frosinone,Roma,0,2,A,0,1,A,18,20,5,3,16,15,3,8,4,3,0,0,9.5,4.75,1.36,8,4.5,1.42,7,4,1.45,8.5,4.2,1.4,9.76,4.7,1.42,8,4.5,1.4,10,4.75,1.4,35,9.76,8.97,4.85,4.53,1.44,1.38,32,1.9,1.81,2.06,1.98,23,1.5,1.76,1.71,2.23,2.17,9.32,5.03,1.4
I1,12/09/15,Juventus,Chievo,1,1,D,0,1,A,26,6,7,3,21,20,5,3,3,5,0,0,1.4,4.5,9,1.4,4.5,9,1.4,4.4,7.3,1.36,4.5,10,1.38,4.9,10.62,1.4,4.4,8.5,1.36,4.8,11.5,36,1.4,1.36,5,4.71,11,9.56,33,2.01,1.95,1.91,1.85,24,-1.25,1.93,1.86,2.05,1.99,1.45,4.46,9.23
I1,13/09/15,Empoli,Napoli,2,2,D,2,1,H,16,17,3,4,12,14,5,5,2,4,0,0,5,3.6,1.75,4.4,3.7,1.8,4.2,3.5,1.8,4.33,3.5,1.8,4.67,3.75,1.85,4.2,3.75,1.8,5,3.7,1.8,36,5,4.54,3.75,3.58,1.85,1.8,33,1.91,1.83,2.02,1.97,24,0.5,2.12,2.05,1.86,1.79,4.54,3.73,1.89
I1,13/09/15,Inter,Milan,1,0,H,0,0,D,16,19,4,3,19,16,6,7,2,3,0,0,2.2,3.3,3.4,2.25,3.3,3.4,2.5,3.3,2.65,2.15,3.1,3.5,2.19,3.41,3.71,2.2,3.3,3.3,2.25,3.3,3.6,36,2.3,2.18,3.41,3.25,3.71,3.48,32,2.15,2.05,1.83,1.75,24,-0.25,1.9,1.86,2.06,1.98,2.18,3.36,3.8
I1,13/09/15,Lazio,Udinese,2,0,H,0,0,D,14,10,8,4,17,13,6,4,0,1,0,0,1.62,3.75,6,1.62,3.75,5.5,1.65,3.6,5.1,1.57,3.6,6.5,1.6,3.99,6.94,1.6,4,5.5,1.62,4,6.25,36,1.63,1.59,4,3.83,6.94,6.17,33,2.07,1.99,1.89,1.8,25,-1,2.13,2.04,1.86,1.81,1.63,4.04,6.24
I1,13/09/15,Palermo,Carpi,2,2,D,1,1,D,13,9,6,2,16,18,3,3,3,3,0,0,1.53,4,7,1.55,3.9,6,1.5,4,6.1,1.55,3.6,6.5,1.58,4.02,7.1,1.6,3.8,6,1.55,4.1,7.5,36,1.61,1.55,4.2,3.9,7.5,6.56,33,2.1,1.98,1.89,1.82,26,-1,2.03,1.97,1.92,1.87,1.77,3.62,5.58
I1,13/09/15,Sassuolo,Atalanta,2,2,D,2,2,D,10,10,9,4,21,19,4,2,3,4,1,1,2.2,3.3,3.4,2.2,3.1,3.4,2.2,3.2,3.2,2.15,3,3.5,2.23,3.31,3.7,2.25,3.1,3.4,2.25,3.2,3.75,36,2.25,2.18,3.35,3.21,3.78,3.49,31,2.3,2.2,1.7,1.66,24,-0.25,1.92,1.88,2.03,1.97,2.23,3.46,3.53
I1,13/09/15,Verona,Torino,2,2,D,0,0,D,12,10,3,5,17,20,3,3,5,2,0,0,3.2,3.3,2.3,3,3.2,2.35,2.75,3.3,2.4,3,3.1,2.38,3.1,3.39,2.48,2.9,3.4,2.38,3.3,3.3,2.4,36,3.3,3.05,3.4,3.25,2.48,2.38,33,2.05,1.97,1.89,1.82,24,0.25,1.87,1.83,2.11,2.02,2.92,3.48,2.56
I1,14/09/15,Sampdoria,Bologna,2,0,H,0,0,D,12,9,4,2,11,16,2,5,1,3,0,1,1.83,3.6,4.5,1.83,3.25,4.6,1.8,3.5,4.2,1.8,3.3,4.5,1.85,3.64,4.84,1.83,3.5,4.4,1.83,3.5,5.25,36,1.86,1.82,3.64,3.49,5.2,4.58,32,2.18,2.07,1.8,1.74,25,-0.5,1.85,1.82,2.09,2.03,2,3.42,4.38
I1,19/09/15,Milan,Palermo,3,2,H,2,1,H,18,13,8,3,8,8,7,3,1,2,0,0,1.73,3.75,5,1.73,3.6,5.5,1.75,3.5,4.5,1.67,3.6,5.25,1.74,3.79,5.52,1.75,3.5,5,1.7,3.7,6,40,1.75,1.71,3.79,3.62,6,5.18,36,2.03,1.95,1.91,1.84,24,-0.75,1.98,1.92,1.99,1.94,1.67,3.84,6.27
I1,19/09/15,Udinese,Empoli,1,2,A,1,0,H,7,12,2,6,26,14,2,5,4,3,1,0,2.25,3.3,3.3,2.2,3,3.5,2.1,3.3,3.3,2.2,3.2,3.4,2.24,3.37,3.62,2.2,3.2,3.4,2.2,3.25,3.75,40,2.27,2.19,3.4,3.26,3.75,3.4,34,2.28,2.19,1.72,1.67,24,-0.25,1.93,1.88,2.03,1.98,2.34,3.43,3.32
I1,20/09/15,Atalanta,Verona,1,1,D,0,0,D,14,9,2,3,21,19,8,2,3,3,0,1,2,3.5,3.75,2.05,3.4,3.5,1.9,3.45,3.8,1.95,3.3,3.8,2.02,3.51,4.14,2.05,3.25,3.8,2.05,3.4,4.2,40,2.05,1.99,3.6,3.4,4.23,3.82,36,2,1.92,1.94,1.88,25,-0.5,2.04,2,1.92,1.86,1.92,3.6,4.53
I1,20/09/15,Bologna,Frosinone,1,0,H,1,0,H,12,20,2,6,19,17,6,5,4,5,0,0,1.95,3.4,4,1.95,3.3,4,1.85,3.45,4,1.91,3.25,4.2,1.96,3.46,4.53,2,3.2,4,1.95,3.4,4.6,40,2,1.93,3.53,3.37,4.6,4.14,35,2.21,2.15,1.75,1.69,25,-0.5,1.98,1.93,1.98,1.92,1.86,3.61,4.85
I1,20/09/15,Carpi,Fiorentina,0,1,A,0,1,A,11,8,3,2,21,15,4,3,3,4,0,0,4.33,3.4,1.91,4.6,3.6,1.83,4,3.45,1.85,4.2,3.4,1.85,4.66,3.56,1.91,4.33,3.3,1.91,4.8,3.5,1.87,40,4.8,4.36,3.63,3.41,1.93,1.87,35,2.16,2.08,1.8,1.74,25,0.5,2.05,1.99,1.92,1.87,4.68,3.49,1.93
I1,20/09/15,Chievo,Inter,0,1,A,0,1,A,15,14,2,3,16,13,8,8,3,1,0,0,3.75,3.3,2.1,3.75,3.25,2.15,3.2,3.2,2.2,3.6,3.1,2.1,3.95,3.26,2.17,3.5,3.1,2.2,4,3.13,2.2,39,4.05,3.67,3.3,3.18,2.2,2.13,33,2.42,2.3,1.65,1.6,23,0.25,2.11,2.05,1.85,1.81,4.3,3.34,2.05
I1,20/09/15,Genoa,Juventus,0,2,A,0,1,A,7,13,0,4,21,23,1,2,1,4,1,0,4.5,3.5,1.83,5,3.4,1.83,4.2,3.5,1.8,4.5,3.3,1.8,5.17,3.55,1.83,5,3.1,1.85,5.4,3.4,1.83,40,5.4,4.81,3.63,3.39,1.87,1.81,34,2.34,2.24,1.69,1.64,25,0.5,2.12,2.06,1.85,1.81,4.63,3.36,1.97
I1,20/09/15,Napoli,Lazio,5,0,H,2,0,H,19,9,10,1,12,12,7,1,1,2,0,0,1.91,3.6,4,1.9,3.6,4.25,1.85,3.45,4,1.85,3.5,4,1.89,3.75,4.43,1.85,3.5,4.2,1.87,3.7,4.5,40,1.91,1.87,3.77,3.56,4.72,4.16,35,1.79,1.73,2.19,2.08,25,-0.5,1.91,1.87,2.05,1.99,1.79,3.77,5.06
I1,20/09/15,Roma,Sassuolo,2,2,D,1,2,A,21,12,7,4,15,15,11,4,2,3,0,0,1.4,4.5,8.5,1.42,4.75,8.25,1.4,4.4,7.3,1.4,4.5,8.5,1.41,4.82,9.88,1.44,4.2,8,1.4,4.8,10,40,1.44,1.39,5,4.54,10.54,8.67,35,1.81,1.75,2.15,2.06,24,-1.5,2.25,2.17,1.76,1.72,1.46,4.63,8.27
I1,20/09/15,Torino,Sampdoria,2,0,H,2,0,H,19,13,8,5,9,10,7,7,2,3,0,0,1.83,3.6,4.33,1.85,3.5,4.1,1.85,3.45,4,1.75,3.4,4.75,1.85,3.61,4.9,1.85,3.3,4.5,1.83,3.5,5.2,40,1.87,1.82,3.64,3.45,5.2,4.58,35,2.15,2.06,1.83,1.75,24,-0.5,1.87,1.83,2.09,2.04,1.7,3.83,5.83
I1,22/09/15,Udinese,Milan,2,3,A,0,3,A,11,9,3,3,24,21,7,1,4,3,1,0,3.3,3.3,2.25,3.3,3.2,2.3,2.9,3.3,2.3,3.25,3.3,2.3,3.42,3.35,2.33,3.2,3.2,2.3,3.5,3.2,2.38,39,3.6,3.28,3.4,3.24,2.38,2.27,34,2.14,2.07,1.8,1.74,24,0,2.41,2.34,1.65,1.63,3.22,3.32,2.45
I1,23/09/15,Carpi,Napoli,0,0,D,0,0,D,11,22,1,4,13,16,4,4,3,3,0,0,6.5,4,1.55,6.25,3.9,1.57,5.6,3.9,1.55,5.75,4,1.55,6.57,4.31,1.57,6.5,4,1.53,7,4.2,1.55,39,7,6.13,4.33,4.06,1.58,1.55,34,1.84,1.78,2.12,2.03,25,1,1.92,1.89,2.02,1.96,7.14,4.34,1.54
I1,23/09/15,Chievo,Torino,1,0,H,0,0,D,10,4,5,1,12,13,0,4,3,3,0,0,2.8,3.25,2.6,2.7,3.1,2.65,2.75,3.2,2.5,2.9,3,2.5,2.93,3.17,2.75,2.9,3,2.62,3,3,2.8,39,3,2.82,3.25,3.07,2.8,2.64,33,2.47,2.34,1.65,1.59,25,0,2.05,1.98,1.92,1.86,2.97,3.19,2.67
I1,23/09/15,Fiorentina,Bologna,2,0,H,0,0,D,18,3,4,1,15,12,6,0,1,2,0,0,1.5,4,7.5,1.5,4,6.5,1.55,3.9,5.6,1.5,4,6.5,1.51,4.35,7.84,1.5,4,7,1.5,4.2,7.5,39,1.55,1.49,4.5,4.09,7.84,7.09,35,2.02,1.95,1.95,1.86,25,-1,1.89,1.85,2.08,2.01,1.57,4.03,7.47
I1,23/09/15,Inter,Verona,1,0,H,0,0,D,17,7,4,1,12,8,11,2,4,4,0,0,1.33,5,10,1.36,5,8.5,1.4,4.4,7.3,1.35,5,8.5,1.4,5.1,9.1,1.4,4.5,8,1.33,5.25,9,39,1.4,1.36,5.4,4.9,10,8.64,32,1.68,1.63,2.37,2.26,25,-1.5,2.07,2.01,1.88,1.84,1.33,5.66,11.09
I1,23/09/15,Juventus,Frosinone,1,1,D,0,0,D,36,9,7,1,16,10,10,5,2,3,0,0,1.17,7,19,1.17,7.25,16.5,1.15,7,15,1.18,6.5,17,1.17,8.18,22.96,1.18,6.5,17,1.2,7,20,39,1.2,1.17,8.18,6.98,23.2,18.6,29,1.62,1.58,2.48,2.35,24,-2,2.04,1.98,1.93,1.88,1.18,7.84,23.02
I1,23/09/15,Lazio,Genoa,2,0,H,1,0,H,10,9,3,3,19,11,10,3,4,2,0,2,1.75,3.75,4.75,1.75,3.5,4.6,1.7,3.6,4.7,1.7,3.5,5,1.74,3.8,5.45,1.75,3.5,5,1.73,3.7,5.75,39,1.8,1.73,3.8,3.65,5.75,4.92,35,2.03,1.96,1.91,1.85,23,-0.5,1.77,1.72,2.26,2.18,1.93,3.62,4.42
I1,23/09/15,Palermo,Sassuolo,0,1,A,0,1,A,9,13,2,4,21,15,2,5,0,6,1,0,2.15,3.4,3.4,2.2,3.25,3.2,2,3.3,3.6,2.1,3.25,3.5,2.19,3.42,3.7,2.2,3.1,3.5,2.2,3.3,3.75,39,2.23,2.15,3.45,3.27,3.75,3.48,35,2.13,2.06,1.83,1.75,23,-0.5,2.2,2.14,1.78,1.75,2.1,3.38,4.03
I1,23/09/15,Sampdoria,Roma,2,1,H,0,0,D,6,24,3,8,14,15,4,19,6,3,0,0,4.5,3.6,1.83,4.1,3.7,1.87,3.8,3.45,1.9,4.33,3.6,1.8,4.75,3.74,1.85,4.2,3.6,1.83,4.4,3.7,1.83,39,4.76,4.36,3.8,3.59,1.9,1.82,35,1.99,1.92,1.96,1.88,24,0.5,2.12,2.06,1.86,1.81,4.97,3.92,1.78
I1,24/09/15,Empoli,Atalanta,0,1,A,0,1,A,10,13,1,3,12,19,4,5,2,4,0,0,2.15,3.3,3.5,2.15,3.1,3.5,2.2,3.3,3.1,2.1,3.1,3.6,2.17,3.33,3.84,2.2,3.2,3.4,2.15,3.3,3.9,39,2.2,2.12,3.4,3.28,3.9,3.53,34,2.09,2.02,1.87,1.79,23,-0.5,2.16,2.11,1.83,1.77,2.28,3.35,3.54
I1,26/09/15,Napoli,Juventus,2,1,H,1,0,H,13,12,5,3,18,16,4,4,2,4,0,0,2.2,3.3,3.4,2.25,3.2,3.4,2.2,3.2,3.2,2.15,3.2,3.4,2.25,3.37,3.58,2.3,3.1,3.3,2.25,3.2,3.7,40,2.3,2.22,3.41,3.25,3.7,3.36,35,2.21,2.09,1.79,1.72,24,-0.25,1.93,1.89,2.02,1.97,2.12,3.42,3.91
I1,26/09/15,Roma,Carpi,5,1,H,3,1,H,17,13,10,6,13,14,6,6,1,1,0,0,1.25,6,12,1.26,6,11,1.25,5.5,10.3,1.25,5.25,12,1.28,6.04,14.09,1.29,5,12,1.25,6,15,40,1.29,1.25,6.5,5.62,15,12.56,35,1.7,1.64,2.35,2.24,24,-1.5,1.88,1.84,2.08,2.02,1.32,5.69,11.41
I1,27/09/15,Bologna,Udinese,1,2,A,1,0,H,12,12,3,3,12,13,6,4,4,3,0,0,2.4,3.1,3.2,2.4,3.1,3,2.4,3.2,2.85,2.4,3,3.1,2.5,3.21,3.24,2.5,3,3.1,2.5,3,3.4,39,2.55,2.43,3.25,3.09,3.4,3.09,35,2.46,2.36,1.63,1.57,22,-0.25,2.12,2.06,1.86,1.81,3.08,3.11,2.67
I1,27/09/15,Genoa,Milan,1,0,H,1,0,H,11,12,2,3,24,29,7,4,4,4,0,1,3.3,3.2,2.3,3.25,3.2,2.3,2.9,3.3,2.3,3,3.2,2.3,3.21,3.37,2.43,3.2,3.2,2.3,3.4,3.2,2.4,40,3.4,3.11,3.4,3.26,2.43,2.33,34,2.12,2.05,1.83,1.75,24,0.25,1.88,1.85,2.08,2.01,2.74,3.28,2.86
I1,27/09/15,Inter,Fiorentina,1,4,A,0,3,A,5,12,2,8,10,15,2,3,4,2,1,0,1.8,3.6,4.5,1.85,3.5,4.4,1.8,3.5,4.2,1.8,3.4,4.5,1.84,3.67,4.91,1.85,3.4,4.5,1.87,3.4,5,40,1.87,1.81,3.75,3.52,5,4.58,36,2.08,2,1.92,1.8,23,-0.5,1.84,1.81,2.12,2.06,2.16,3.37,3.85
I1,27/09/15,Sassuolo,Chievo,1,1,D,1,1,D,13,12,5,2,16,22,4,2,3,1,0,0,2.2,3.2,3.5,2.25,3,3.4,2.2,3.1,3.3,2.15,3.1,3.5,2.22,3.26,3.81,2.3,3.1,3.3,2.25,3.1,3.9,39,2.3,2.21,3.3,3.14,3.91,3.5,35,2.45,2.36,1.64,1.57,24,-0.25,1.91,1.87,2.04,1.99,2.22,3.28,3.77
I1,27/09/15,Torino,Palermo,2,1,H,1,0,H,10,11,3,3,15,20,5,1,2,5,2,0,1.75,3.6,5,1.8,3.5,4.4,1.8,3.4,4.4,1.75,3.5,4.75,1.78,3.73,5.22,1.83,3.4,4.5,1.83,3.5,5.25,39,1.85,1.77,3.75,3.53,5.31,4.79,35,2.15,2.04,1.85,1.77,23,-0.75,2.05,2,1.91,1.87,1.63,3.87,6.67
I1,27/09/15,Verona,Lazio,1,2,A,1,0,H,6,13,1,3,18,13,3,10,2,2,0,1,3.75,3.4,2.05,3.5,3.4,2.05,3.6,3.3,2,3.6,3.4,2,3.86,3.48,2.11,3.6,3.3,2.1,4.1,3.4,2.05,39,4.1,3.69,3.5,3.36,2.15,2.05,36,2.03,1.95,1.92,1.83,24,0.5,1.87,1.83,2.11,2.04,4.39,3.43,2
I1,28/09/15,Atalanta,Sampdoria,2,1,H,1,0,H,18,8,5,4,22,15,5,4,3,3,0,0,2.1,3.4,3.6,2.15,3.25,3.4,2.2,3.2,3.2,2.05,3.25,3.6,2.1,3.48,3.9,2.2,3.3,3.3,2.1,3.3,4,38,2.2,2.09,3.5,3.33,4,3.6,34,2.08,2.01,1.86,1.79,22,-0.5,2.11,2.07,1.84,1.8,1.94,3.7,4.22
I1,28/09/15,Frosinone,Empoli,2,0,H,0,0,D,10,13,4,5,28,18,4,5,3,4,0,1,3,3.3,2.4,3,3.2,2.35,2.85,3.2,2.4,3,3.25,2.3,3.37,3.36,2.35,3.1,3.3,2.3,3.25,3.25,2.45,38,3.37,3.08,3.4,3.24,2.45,2.35,34,2.12,1.99,1.87,1.81,22,0.25,1.92,1.84,2.08,2.03,3.57,3.43,2.23
I1,03/10/15,Carpi,Torino,2,1,H,0,0,D,7,13,3,3,10,19,2,5,2,1,0,0,3.5,3.2,2.2,3.2,3.3,2.2,3.3,3.3,2.1,3.6,3.25,2.15,3.72,3.32,2.22,3.4,3.1,2.25,3.8,3.13,2.25,43,3.8,3.51,3.37,3.2,2.25,2.18,36,2.33,2.23,1.68,1.63,24,0.25,2.05,1.99,1.92,1.87,3.43,3.33,2.34
I1,03/10/15,Chievo,Verona,1,1,D,0,0,D,17,10,7,3,22,12,5,5,3,0,0,0,2.1,3.3,3.75,2.05,3.25,3.6,2.1,3.3,3.3,2.05,3.25,3.6,2.12,3.44,3.88,2.15,3.1,3.6,2.15,3.25,4,43,2.15,2.09,3.44,3.28,4,3.66,38,2.25,2.15,1.75,1.69,25,-0.5,2.15,2.1,1.83,1.78,2.21,3.29,3.79
I1,04/10/15,Empoli,Sassuolo,1,0,H,0,0,D,18,7,4,1,21,25,5,2,2,3,1,0,2.4,3.2,3.1,2.5,3.1,2.9,2.5,3.2,2.75,2.4,3.25,2.9,2.46,3.4,3.13,2.5,3.1,2.9,2.5,3.25,3.2,43,2.52,2.42,3.4,3.24,3.2,2.97,36,2.15,2.06,1.82,1.75,24,-0.25,2.12,2.08,1.84,1.8,2.5,3.35,3.1
I1,04/10/15,Fiorentina,Atalanta,3,0,H,2,0,H,29,5,9,1,12,15,8,4,0,2,0,1,1.67,3.6,5.75,1.67,3.8,4.75,1.6,3.7,5.4,1.62,3.6,5.75,1.65,3.93,6.28,1.67,3.3,6,1.62,3.9,6.5,43,1.7,1.63,3.93,3.72,6.5,5.7,38,2.08,2,1.88,1.8,24,-1,2.17,2.1,1.82,1.77,1.76,3.66,5.69
I1,04/10/15,Juventus,Bologna,3,1,H,1,1,D,19,2,8,1,8,9,5,2,1,5,0,0,1.22,6,16,1.25,6,12,1.25,5.5,10.3,1.22,6,17,1.25,6.27,17.1,1.25,5.5,13,1.22,6.25,19,43,1.26,1.23,6.27,5.78,19,14.46,37,1.92,1.86,2,1.93,24,-1.5,1.82,1.77,2.16,2.11,1.25,6.41,14.96
I1,04/10/15,Lazio,Frosinone,2,0,H,0,0,D,27,12,10,6,15,14,10,6,4,1,0,0,1.29,5.5,11,1.3,5,9.75,1.3,5,9,1.3,5,10,1.34,5.46,11.18,1.33,4.33,12,1.3,5.5,13,43,1.35,1.31,5.65,5.17,13,10.42,35,1.7,1.62,2.35,2.26,25,-1.5,1.97,1.91,1.99,1.95,1.29,6.05,12.45
I1,04/10/15,Milan,Napoli,0,4,A,0,1,A,12,11,2,4,12,11,5,1,3,3,0,0,3,3.4,2.38,2.95,3.3,2.5,2.6,3.2,2.6,2.8,3.3,2.4,2.97,3.53,2.5,2.9,3.1,2.5,3.1,3.4,2.45,42,3.1,2.89,3.63,3.3,2.6,2.45,38,1.85,1.79,2.11,2.01,24,0,2.15,2.08,1.82,1.78,3.23,3.46,2.37
I1,04/10/15,Palermo,Roma,2,4,A,0,3,A,14,13,5,8,15,16,6,3,4,3,0,0,4,3.5,1.95,4.1,3.5,1.95,3.8,3.45,1.9,3.9,3.4,2,4.14,3.59,2,4,3.1,2.05,4.2,3.5,2,43,4.2,3.93,3.6,3.42,2.05,1.97,39,1.98,1.91,1.95,1.88,25,0.5,1.94,1.9,2.01,1.96,4.45,3.73,1.89
I1,04/10/15,Sampdoria,Inter,1,1,D,0,0,D,15,17,6,7,14,12,9,9,2,4,0,0,4,3.5,1.95,4,3.4,2,3.6,3.3,2,4,3.5,1.95,4.05,3.62,2.01,4,3.1,2.05,4.3,3.4,2,42,4.3,3.88,3.62,3.39,2.05,1.98,37,2.05,1.94,1.94,1.86,25,0.5,1.94,1.9,2.01,1.97,4.1,3.62,2
I1,04/10/15,Udinese,Genoa,1,1,D,0,0,D,9,19,3,7,12,17,2,10,2,1,0,0,2.5,3.1,3.1,2.5,3.1,2.9,2.4,3.2,2.85,2.5,3.2,3,2.51,3.37,3.07,2.5,3.1,2.9,2.55,3.2,3.13,43,2.56,2.47,3.37,3.19,3.25,2.95,36,2.27,2.16,1.75,1.68,24,0,1.82,1.77,2.17,2.09,2.48,3.43,3.05
I1,17/10/15,Roma,Empoli,3,1,H,0,0,D,9,13,5,6,17,9,6,4,1,1,0,0,1.4,4.75,8,1.4,4.5,7.75,1.4,4.4,7.3,1.4,4.5,8,1.42,4.92,8.74,1.4,4.5,8,1.4,4.8,9.5,45,1.42,1.39,5.02,4.68,9.5,8.3,40,1.77,1.71,2.19,2.11,26,-1.5,2.25,2.17,1.76,1.73,1.42,4.88,8.99
I1,17/10/15,Torino,Milan,1,1,D,0,0,D,6,8,2,3,28,11,7,1,3,4,0,0,2.35,3.2,3.2,2.4,3.3,3.1,2.3,3.3,2.9,2.3,3.2,3.1,2.34,3.36,3.4,2.4,3.1,3.1,2.38,3.2,3.4,45,2.52,2.36,3.36,3.22,3.4,3.12,40,2.19,2.09,1.79,1.72,25,0,1.7,1.65,2.43,2.29,2.42,3.36,3.19
I1,18/10/15,Atalanta,Carpi,3,0,H,2,0,H,15,13,7,5,16,13,8,7,1,3,0,0,1.75,3.6,5,1.8,3.4,5,1.8,3.5,4.2,1.75,3.4,4.75,1.81,3.61,5.23,1.8,3.3,5,1.8,3.5,5.5,45,1.83,1.79,3.66,3.47,5.5,4.8,39,2.28,2.19,1.71,1.66,25,-0.5,1.83,1.78,2.14,2.08,1.87,3.51,4.99
I1,18/10/15,Bologna,Palermo,0,1,A,0,1,A,17,9,6,4,8,15,6,6,1,4,0,0,2.5,3.2,3,2.65,2.95,2.8,2.5,3.2,2.75,2.5,3.1,2.8,2.65,3.28,2.97,2.62,3,2.9,2.7,3.1,3,45,2.7,2.58,3.3,3.13,3,2.86,39,2.46,2.3,1.66,1.61,26,0,1.86,1.82,2.1,2.02,2.66,3.33,2.88
I1,18/10/15,Frosinone,Sampdoria,2,0,H,0,0,D,15,19,4,2,11,16,8,12,2,4,0,0,3.1,3.2,2.4,2.9,3.25,2.4,2.9,3.3,2.3,2.9,3.3,2.38,3.08,3.44,2.47,3.1,3.1,2.4,3.2,3.25,2.45,45,3.2,2.99,3.44,3.24,2.5,2.42,41,2.1,2.02,1.85,1.78,25,0,2.22,2.14,1.78,1.74,2.57,3.51,2.89
I1,18/10/15,Genoa,Chievo,3,2,H,2,1,H,12,21,6,3,14,17,7,7,2,2,1,0,2.05,3.3,3.8,2.1,3.2,3.5,2,3.3,3.6,2,3.1,4,2.06,3.3,4.3,2.05,3,4.2,2,3.25,4.5,45,2.1,2.03,3.4,3.2,4.6,4,39,2.45,2.33,1.64,1.59,26,-0.5,2.06,2,1.91,1.85,2.11,3.3,4.11
I1,18/10/15,Inter,Juventus,0,0,D,0,0,D,8,15,2,4,14,14,4,9,3,5,0,0,2.63,3.2,2.8,2.7,3.1,2.8,2.6,3.2,2.6,2.62,3.1,2.7,2.8,3.27,2.8,2.7,3,2.8,2.8,3.13,2.88,44,2.84,2.69,3.34,3.15,2.88,2.74,39,2.28,2.17,1.75,1.67,26,0,1.97,1.91,1.98,1.93,3.41,3.28,2.37
I1,18/10/15,Napoli,Fiorentina,2,1,H,0,0,D,13,10,6,3,11,18,4,5,3,4,0,0,1.73,3.75,5,1.75,3.7,4.75,1.75,3.5,4.5,1.7,3.6,4.75,1.72,3.95,5.34,1.75,3.5,5,1.75,3.75,5.4,45,1.75,1.72,4,3.72,5.5,4.93,40,1.84,1.77,2.13,2.02,25,-0.5,1.74,1.71,2.28,2.2,1.68,4.12,5.54
I1,18/10/15,Sassuolo,Lazio,2,1,H,1,0,H,15,12,4,3,7,21,3,9,1,3,0,1,3,3.2,2.45,2.8,3.1,2.55,3,3.2,2.3,2.9,3.25,2.4,3.1,3.43,2.46,3,3.1,2.5,3.2,3.25,2.4,45,3.2,2.99,3.43,3.22,2.55,2.43,40,2.12,2.04,1.84,1.76,26,0,2.21,2.15,1.76,1.73,3.16,3.45,2.42
I1,18/10/15,Verona,Udinese,1,1,D,1,0,H,8,15,2,5,14,11,8,8,2,2,0,0,2.3,3.3,3.2,2.35,3.2,3,2.3,3.3,2.9,2.3,3.2,3.1,2.4,3.38,3.25,2.4,3.1,3.1,2.38,3.25,3.4,45,2.41,2.34,3.4,3.24,3.4,3.13,41,2.07,1.99,1.88,1.79,25,0,1.71,1.67,2.36,2.25,2.42,3.38,3.22
I1,24/10/15,Carpi,Bologna,1,2,A,1,0,H,7,15,1,4,16,9,3,8,2,2,1,0,2.1,3.2,3.8,2.2,3,3.5,2.2,3.2,3.2,2.1,3.1,3.6,2.19,3.29,3.85,2.25,3.1,3.4,2.2,3.13,4,41,2.25,2.16,3.31,3.15,4,3.62,32,2.55,2.41,1.6,1.55,22,-0.25,1.88,1.85,2.07,2.01,2.28,3.18,3.76
I1,24/10/15,Empoli,Genoa,2,0,H,1,0,H,15,14,5,3,11,25,3,8,3,3,0,0,2.4,3.2,3.1,2.5,2.95,3,2.3,3.2,3,2.4,3,3.1,2.49,3.24,3.23,2.5,3.1,2.9,2.5,3.1,3.3,40,2.57,2.43,3.3,3.16,3.3,3.06,36,2.34,2.23,1.7,1.64,22,-0.25,2.13,2.07,1.85,1.8,2.71,3.36,2.83
I1,24/10/15,Palermo,Inter,1,1,D,0,0,D,10,19,2,7,11,11,3,10,3,1,0,1,4,3.3,2,3.9,3.4,2.05,3.6,3.3,2,3.6,3.3,2.05,3.94,3.47,2.09,3.75,3.1,2.1,4,3.4,2.1,41,4,3.77,3.54,3.3,2.15,2.06,38,2.08,1.97,1.9,1.82,23,0.5,1.86,1.81,2.12,2.05,3.59,3.41,2.23
I1,25/10/15,Chievo,Napoli,0,1,A,0,0,D,7,17,1,4,19,12,2,8,1,2,0,0,4.5,3.6,1.83,4.5,3.5,1.83,4.2,3.5,1.8,4.33,3.5,1.8,4.75,3.75,1.84,4.5,3.3,1.85,4.8,3.6,1.85,41,4.9,4.53,3.77,3.5,1.87,1.82,37,2.1,2.03,1.84,1.77,23,0.5,2.12,2.05,1.85,1.81,5.45,3.77,1.75
I1,25/10/15,Fiorentina,Roma,1,2,A,0,2,A,21,6,4,4,9,17,8,1,2,4,0,1,2.5,3.4,2.8,2.6,3.25,2.9,2.6,3.2,2.6,2.4,3.25,2.8,2.59,3.45,2.9,2.6,3.1,2.8,2.55,3.3,3,40,2.64,2.51,3.54,3.29,3,2.84,37,1.95,1.87,2.01,1.93,22,0,1.85,1.81,2.11,2.06,2.59,3.55,2.84
I1,25/10/15,Juventus,Atalanta,2,0,H,1,0,H,19,5,10,0,9,16,4,3,2,2,0,1,1.33,5,10,1.35,4.75,10,1.4,4.4,7.3,1.36,4.5,10,1.36,5.08,11.27,1.36,4.2,11,1.33,5,12,40,1.4,1.34,5.2,4.76,12,9.91,38,1.94,1.86,2,1.93,22,-1.5,2.14,2.07,1.85,1.79,1.42,4.62,9.92
I1,25/10/15,Lazio,Torino,3,0,H,1,0,H,10,7,3,3,13,23,0,7,2,3,0,0,1.91,3.5,4.2,1.9,3.3,4.4,1.9,3.45,3.8,1.85,3.3,4.2,1.93,3.53,4.5,2,3.1,4.2,1.93,3.4,4.75,41,2,1.92,3.6,3.39,4.75,4.17,37,2.1,2.04,1.84,1.76,23,-0.5,1.95,1.91,2.01,1.95,1.95,3.58,4.37
I1,25/10/15,Milan,Sassuolo,2,1,H,1,0,H,21,4,3,2,21,13,7,2,1,3,0,1,1.75,3.6,5,1.8,3.6,4.6,1.75,3.5,4.5,1.75,3.4,4.75,1.81,3.62,5.2,1.83,3.2,4.8,1.8,3.7,5,40,1.83,1.77,3.75,3.53,5.23,4.78,38,2.07,1.98,1.9,1.81,21,-0.75,2.07,2,1.9,1.86,1.81,4,4.57
I1,25/10/15,Sampdoria,Verona,4,1,H,3,0,H,10,11,6,1,18,11,2,8,2,2,0,0,2,3.3,4,1.95,3.3,4,1.9,3.45,3.8,1.95,3.3,4,2.07,3.48,4.02,2,3.2,4,2.05,3.4,4.1,41,2.1,2.01,3.5,3.35,4.1,3.85,38,1.99,1.92,1.93,1.87,23,-0.5,2.07,2.01,1.9,1.85,2.16,3.56,3.64
I1,25/10/15,Udinese,Frosinone,1,0,H,1,0,H,19,12,7,2,13,23,6,3,4,2,0,0,1.67,3.75,5.5,1.75,3.6,4.5,1.8,3.5,4.2,1.67,3.6,5,1.72,3.91,5.47,1.73,3.3,5.5,1.7,3.8,5.75,41,1.8,1.7,4.01,3.64,5.75,5.17,38,2,1.94,1.94,1.86,21,-0.5,1.74,1.7,2.28,2.22,1.48,4.6,7.87
I1,27/10/15,Bologna,Inter,0,1,A,0,0,D,7,11,3,6,11,15,2,2,1,2,0,1,5,3.5,1.75,4.4,3.5,1.8,4.2,3.5,1.8,4.5,3.4,1.8,5.14,3.59,1.83,4.75,3.4,1.8,5.5,3.5,1.8,44,5.5,4.83,3.62,3.42,1.85,1.8,39,2.31,2.22,1.73,1.65,27,0.5,2.12,2.07,1.84,1.8,5.19,3.61,1.81
I1,28/10/15,Atalanta,Lazio,2,1,H,0,1,A,8,6,3,3,17,15,5,6,2,4,0,0,2.9,3.3,2.38,2.9,3.25,2.4,2.9,3.3,2.3,3,3.2,2.3,3.11,3.42,2.46,3,3.25,2.38,3.25,3.2,2.45,44,3.25,3.01,3.45,3.28,2.5,2.38,39,2.11,2.02,1.85,1.78,25,0.25,1.85,1.82,2.1,2.04,3.14,3.43,2.44
I1,28/10/15,Frosinone,Carpi,2,1,H,0,0,D,8,13,3,3,19,19,5,4,1,3,1,1,2.2,3.4,3.2,2.35,3.2,3,2.3,3.2,3,2.3,3.25,3.1,2.33,3.45,3.31,2.4,3.1,3.1,2.38,3.2,3.4,44,2.4,2.31,3.45,3.27,3.4,3.14,39,2.15,2.08,1.82,1.74,25,-0.25,2.02,1.97,1.93,1.88,2.54,3.36,3.04
I1,28/10/15,Milan,Chievo,1,0,H,0,0,D,24,4,4,3,10,15,10,3,0,2,0,0,1.67,3.6,5.5,1.7,3.6,5,1.7,3.6,4.7,1.67,3.5,5.5,1.69,3.79,5.94,1.7,3.5,5.5,1.7,3.6,6.25,44,1.73,1.69,3.85,3.6,6.25,5.37,39,2.2,2.09,1.8,1.72,25,-0.75,1.95,1.91,2.01,1.95,1.73,3.74,5.73
I1,28/10/15,Napoli,Palermo,2,0,H,1,0,H,23,8,8,0,9,4,8,2,0,0,0,0,1.29,5.5,10,1.3,5,9.75,1.3,5,9,1.3,5.5,10,1.32,6,10.73,1.3,5.5,9.5,1.29,6,11,44,1.33,1.29,6,5.54,11.2,10.05,33,1.63,1.59,2.45,2.31,28,-1.5,1.9,1.85,2.06,2,1.25,6.52,14.46
I1,28/10/15,Roma,Udinese,3,1,H,2,0,H,19,6,9,2,12,10,3,4,1,3,0,0,1.4,4.33,8,1.42,4.33,7.25,1.4,4.4,7.3,1.4,4.5,7.5,1.42,5.14,8.13,1.4,4.5,8,1.36,5,10,44,1.45,1.4,5.14,4.61,10,7.86,39,1.75,1.68,2.28,2.16,25,-1,1.7,1.65,2.4,2.3,1.39,5.03,9.67
I1,28/10/15,Sassuolo,Juventus,1,0,H,1,0,H,7,14,3,3,20,21,1,11,5,2,0,1,4.75,3.6,1.75,4.6,3.6,1.75,4.5,3.5,1.75,4.75,3.5,1.75,5.33,3.7,1.78,4.75,3.4,1.8,5.75,3.6,1.75,44,5.75,4.95,3.75,3.52,1.8,1.75,39,2.18,2.09,1.8,1.73,25,0.5,2.19,2.14,1.79,1.75,6.33,3.87,1.66
I1,28/10/15,Torino,Genoa,3,3,D,2,1,H,17,10,6,4,10,19,4,2,2,1,0,0,2,3.3,3.75,2,3.3,3.8,2,3.3,3.6,1.95,3.3,4,2.05,3.47,4.1,2,3.25,4,2.05,3.25,4.33,44,2.06,1.99,3.5,3.32,4.33,3.92,39,2.29,2.19,1.74,1.66,27,-0.5,2.06,2,1.9,1.85,2.05,3.5,4.07
I1,28/10/15,Verona,Fiorentina,0,2,A,0,1,A,2,9,0,2,17,11,5,2,5,2,0,0,4.2,3.5,1.85,4,3.4,1.9,3.8,3.45,1.9,4,3.5,1.85,4.54,3.73,1.88,4.2,3.25,1.95,4.75,3.6,1.87,44,4.75,4.23,3.73,3.52,1.95,1.86,40,1.99,1.91,1.96,1.88,27,0.5,2.06,2,1.9,1.85,5.17,3.95,1.75
I1,29/10/15,Sampdoria,Empoli,1,1,D,0,0,D,14,17,3,5,19,15,6,5,2,3,0,1,2.2,3.25,3.3,2.25,3.2,3.2,2.2,3.2,3.2,2.15,3.2,3.4,2.32,3.37,3.43,2.25,3.3,3.2,2.3,3.3,3.5,43,2.32,2.23,3.5,3.25,3.5,3.32,39,2.15,2.05,1.83,1.76,25,-0.5,2.35,2.25,1.71,1.68,2.59,3.34,2.99
I1,31/10/15,Inter,Roma,1,0,H,1,0,H,10,19,3,9,10,10,4,9,4,1,0,1,2.9,3.3,2.5,2.9,3.3,2.5,2.6,3.2,2.6,2.75,3.25,2.5,2.81,3.47,2.67,2.8,3.1,2.62,2.88,3.3,2.6,47,2.93,2.77,3.47,3.31,2.7,2.56,42,1.91,1.84,2.03,1.95,28,0,2.06,1.99,1.93,1.85,2.57,3.36,3
I1,31/10/15,Juventus,Torino,2,1,H,1,0,H,17,10,6,5,17,14,7,3,2,5,0,0,1.57,3.8,6.5,1.57,3.5,6.75,1.65,3.6,5.1,1.53,3.6,7,1.57,3.95,7.55,1.6,3.4,7,1.53,3.9,7.5,47,1.65,1.55,4.01,3.81,7.76,6.69,40,2.18,2.07,1.81,1.74,28,-1,2.06,1.99,1.91,1.86,1.63,3.71,7.25
I1,01/11/15,Bologna,Atalanta,3,0,H,0,0,D,10,8,5,2,23,14,0,4,5,3,0,0,2.9,3.1,2.6,2.85,3,2.6,2.6,3.2,2.6,2.8,3,2.62,2.99,3.19,2.69,2.8,3,2.7,3,3,2.7,47,3.05,2.84,3.2,3.08,2.75,2.63,39,2.53,2.39,1.61,1.56,28,0,2.08,1.99,1.88,1.85,2.73,3.21,2.92
I1,01/11/15,Carpi,Verona,0,0,D,0,0,D,11,11,6,3,19,17,5,6,2,3,0,0,2.3,3.25,3.25,2.3,3.3,3,2.2,3.3,3.1,2.25,3.1,3.3,2.31,3.31,3.51,2.3,3.1,3.3,2.3,3.13,3.5,47,2.33,2.26,3.4,3.22,3.6,3.28,40,2.36,2.19,1.72,1.66,27,-0.25,1.99,1.94,1.97,1.91,2.6,3.28,3.02
I1,01/11/15,Fiorentina,Frosinone,4,1,H,4,0,H,31,6,9,1,11,11,8,1,0,1,0,0,1.22,6,15,1.22,6,11.5,1.25,5.5,10.3,1.25,5.75,13,1.27,6.25,14.26,1.25,5.5,13,1.22,6.5,15,47,1.28,1.24,6.5,5.86,15,12.53,35,1.66,1.59,2.42,2.29,27,-1.5,1.8,1.75,2.17,2.12,1.24,6.49,16.5
I1,01/11/15,Genoa,Napoli,0,0,D,0,0,D,9,18,1,8,12,16,1,6,3,2,0,0,4.5,3.6,1.83,4.6,3.25,1.83,3.8,3.45,1.9,4.33,3.5,1.8,4.76,3.72,1.85,4.5,3.4,1.85,4.8,3.6,1.8,47,4.8,4.37,3.8,3.56,1.95,1.83,42,1.92,1.86,2.02,1.92,27,0.5,2.11,2.04,1.9,1.82,5.51,3.92,1.71
I1,01/11/15,Lazio,Milan,1,3,A,0,1,A,10,9,4,3,21,11,7,3,2,2,0,0,2,3.3,4,2.05,3.25,4,2,3.3,3.6,2,3.25,3.8,2.03,3.47,4.17,2.05,3.1,4,2,3.3,4.2,47,2.05,2.01,3.5,3.33,4.27,3.86,42,2.06,1.97,1.89,1.82,27,-0.5,2.04,2,1.91,1.86,2.07,3.51,3.97
I1,01/11/15,Udinese,Sassuolo,0,0,D,0,0,D,14,6,2,2,14,12,10,1,1,2,0,0,2.25,3.3,3.3,2.4,3.2,2.95,2.3,3.2,3,2.3,3.1,3.25,2.37,3.23,3.46,2.38,3.1,3.2,2.38,3,3.5,47,2.4,2.3,3.3,3.18,3.6,3.26,41,2.39,2.24,1.71,1.64,27,-0.25,2.02,1.96,1.96,1.9,2.28,3.43,3.45
I1,02/11/15,Chievo,Sampdoria,1,1,D,1,1,D,14,10,2,3,19,10,4,3,3,2,0,0,2.05,3.3,3.8,2.1,3.2,3.6,2.2,3.2,3.2,2,3.1,3.8,2.1,3.31,4.12,2.1,3.1,3.8,2.05,3.2,4.2,44,2.2,2.07,3.4,3.26,4.2,3.72,38,2.33,2.24,1.67,1.63,25,-0.5,2.12,2.06,1.85,1.8,2.27,3.44,3.46
I1,02/11/15,Palermo,Empoli,0,1,A,0,0,D,16,11,4,5,25,15,7,4,6,3,0,0,2.25,3.2,3.4,2.25,3.1,3.25,2.1,3.2,3.4,2.3,3.1,3.2,2.36,3.32,3.39,2.3,3.1,3.3,2.38,3.1,3.4,44,2.38,2.27,3.35,3.18,3.65,3.28,39,2.29,2.15,1.79,1.69,24,-0.25,2.03,1.96,2.06,1.9,2.43,3.31,3.26
I1,07/11/15,Milan,Atalanta,0,0,D,0,0,D,8,15,3,4,15,19,4,6,4,4,0,0,1.67,3.75,5.5,1.67,3.6,5.25,1.65,3.6,5.1,1.67,3.6,5.5,1.69,3.88,5.84,1.7,3.6,5,1.65,3.75,6,45,1.7,1.66,3.97,3.73,6,5.36,40,2.02,1.94,1.9,1.85,25,-0.75,1.89,1.85,2.06,2,1.72,3.78,5.67
I1,07/11/15,Verona,Bologna,0,2,A,0,2,A,11,10,2,4,15,10,9,4,1,1,0,0,2.2,3.3,3.4,2.2,3.2,3.3,2.3,3.2,3,2.2,3.2,3.4,2.28,3.35,3.54,2.3,3.1,3.3,2.3,3.13,3.5,45,2.3,2.21,3.4,3.22,3.75,3.41,38,2.38,2.28,1.66,1.62,25,-0.25,1.95,1.89,2.01,1.97,2.4,3.31,3.29
I1,08/11/15,Empoli,Juventus,1,3,A,1,2,A,12,11,4,4,14,23,4,3,2,3,0,0,5.25,3.5,1.75,4.5,3.4,1.8,4.7,3.6,1.7,4.75,3.4,1.75,5.4,3.55,1.81,4.75,3.4,1.8,5.5,3.4,1.75,45,5.5,5,3.6,3.46,1.81,1.77,39,2.3,2.19,1.75,1.66,25,0.75,1.88,1.85,2.08,2,6.04,3.67,1.72
I1,08/11/15,Frosinone,Genoa,2,2,D,2,1,H,18,10,5,3,16,23,6,5,2,3,0,1,3.4,3.3,2.2,3.2,3.25,2.2,3,3.2,2.3,3.4,3.25,2.15,3.53,3.44,2.24,3.4,3.1,2.25,3.6,3.25,2.2,45,3.6,3.36,3.5,3.28,2.3,2.2,39,2.1,2.03,1.86,1.77,25,0.25,2.03,1.97,1.92,1.88,4.02,3.62,2.02
I1,08/11/15,Napoli,Udinese,1,0,H,0,0,D,15,8,5,2,15,10,7,5,3,3,0,0,1.22,6.5,13,1.25,5.5,11,1.27,5.2,10,1.25,6,12,1.25,6.7,14,1.29,5,12,1.22,6.5,15,45,1.3,1.25,6.7,5.91,15,12.24,33,1.6,1.55,2.55,2.41,25,-1.75,2.01,1.95,1.97,1.91,1.25,6.65,14.29
I1,08/11/15,Palermo,Chievo,1,0,H,0,0,D,14,13,3,3,11,15,10,8,4,3,0,0,2.3,3.2,3.3,2.3,3,3.3,2.3,3.2,3,2.3,3.1,3.25,2.36,3.27,3.45,2.4,3.1,3.1,2.3,3,3.6,45,2.4,2.31,3.3,3.16,3.6,3.25,37,2.45,2.33,1.63,1.58,25,-0.25,2.01,1.97,1.95,1.89,2.48,3.32,3.18
I1,08/11/15,Roma,Lazio,2,0,H,1,0,H,14,7,2,2,20,12,2,6,3,4,0,0,1.91,3.5,4.2,1.95,3.4,3.8,2,3.3,3.6,1.91,3.5,3.8,2.03,3.67,3.91,2,3.2,4,1.93,3.6,4.1,44,2.05,1.96,3.7,3.5,4.33,3.88,39,1.8,1.71,2.23,2.12,25,-0.5,2.03,1.95,1.96,1.9,2.14,3.48,3.77
I1,08/11/15,Sampdoria,Fiorentina,0,2,A,0,1,A,3,20,2,7,23,10,1,8,3,3,0,0,3.75,3.4,2.05,3.75,3.3,2,3.6,3.3,2,3.6,3.4,2.05,3.89,3.49,2.1,3.6,3.4,2.05,3.9,3.4,2.05,45,4.2,3.77,3.55,3.38,2.12,2.03,40,1.93,1.87,2.02,1.92,26,0.5,1.88,1.84,2.1,2.01,4.41,3.7,1.91
I1,08/11/15,Sassuolo,Carpi,1,0,H,1,0,H,9,7,4,2,13,21,6,7,4,5,0,0,1.73,3.6,5.25,1.7,3.5,5,1.7,3.6,4.7,1.67,3.6,5.25,1.72,3.8,5.7,1.73,3.5,5,1.7,3.6,5.75,45,1.75,1.71,3.8,3.6,5.75,5.22,39,2.19,2.09,1.81,1.73,25,-0.75,1.97,1.92,1.99,1.93,1.75,3.76,5.41
I1,08/11/15,Torino,Inter,0,1,A,0,1,A,16,7,8,2,12,7,5,2,2,1,0,0,2.75,3.2,2.7,2.8,3.1,2.7,2.6,3.2,2.6,2.75,3.1,2.62,2.8,3.3,2.78,2.7,3.1,2.7,2.8,3.1,2.75,45,2.85,2.73,3.3,3.16,2.8,2.68,39,2.25,2.18,1.74,1.67,26,0,2,1.94,1.95,1.9,2.8,3.23,2.83
I1,21/11/15,Bologna,Roma,2,2,D,1,0,H,9,14,3,5,22,18,5,5,5,4,0,0,5,3.6,1.75,5,3.6,1.75,4.7,3.6,1.7,4.5,3.5,1.75,5.1,3.72,1.8,5,3.3,1.8,5.25,3.6,1.75,44,5.4,4.87,3.75,3.56,1.81,1.76,39,2.05,1.97,1.9,1.83,24,0.75,1.91,1.86,2.06,2,4.47,3.51,1.96
I1,21/11/15,Juventus,Milan,1,0,H,0,0,D,16,9,5,2,15,14,3,1,2,2,0,0,1.62,3.6,6.5,1.62,3.6,6.5,1.6,3.7,5.4,1.57,3.6,6.5,1.62,3.89,6.86,1.62,3.3,7,1.6,3.7,7,44,1.65,1.6,4.05,3.71,7.5,6.36,38,2.21,2.12,1.78,1.71,25,-1,2.17,2.1,1.86,1.78,1.57,3.91,7.49
I1,22/11/15,Atalanta,Torino,0,1,A,0,0,D,15,14,1,4,13,22,10,3,2,1,0,0,2.6,3.2,2.88,2.6,3.2,2.95,2.5,3.15,2.8,2.6,3.1,2.8,2.73,3.26,2.88,2.62,3.1,2.8,2.75,3,2.9,43,2.8,2.62,3.3,3.15,2.95,2.8,36,2.29,2.22,1.71,1.64,24,0,1.92,1.87,2.02,1.98,2.85,3.27,2.75
I1,22/11/15,Carpi,Chievo,1,2,A,0,2,A,19,9,3,3,18,26,9,6,4,3,0,0,2.8,3,2.75,2.8,3.1,2.8,2.7,3.1,2.6,2.75,3,2.7,2.89,3.09,2.85,2.8,3,2.7,2.9,2.9,2.88,44,2.9,2.8,3.2,3.01,2.88,2.72,32,2.67,2.5,1.56,1.51,25,0,2.01,1.95,1.96,1.9,3.47,3.1,2.44
I1,22/11/15,Fiorentina,Empoli,2,2,D,0,2,A,18,15,5,4,20,12,6,3,5,3,0,0,1.5,4.2,7,1.5,4.1,6.25,1.5,4,6.1,1.5,4.2,6.5,1.48,4.59,7.87,1.5,4,7,1.5,4.3,7.5,44,1.51,1.49,4.6,4.22,7.87,6.86,39,1.85,1.79,2.12,2.01,26,-1,1.89,1.85,2.1,2.02,1.61,3.96,6.92
I1,22/11/15,Genoa,Sassuolo,2,1,H,0,0,D,14,9,3,4,21,18,6,6,3,0,1,1,2.05,3.3,3.8,2.05,3.4,3.5,2.1,3.3,3.3,2,3.3,3.8,2.08,3.41,4.07,2.05,3.1,4,2.05,3.3,4.1,43,2.1,2.03,3.5,3.33,4.1,3.79,37,2.1,2.02,1.85,1.78,24,-0.5,2.07,2.02,1.88,1.84,2.13,3.44,3.84
I1,22/11/15,Inter,Frosinone,4,0,H,1,0,H,22,11,10,4,15,18,6,7,1,3,0,0,1.2,6.5,17,1.2,6.75,14,1.2,5.8,13,1.22,6,13,1.2,7.45,19.3,1.22,5.5,17,1.18,7,20,44,1.22,1.2,7.5,6.47,20,15.23,32,1.62,1.56,2.6,2.39,24,-2,2.18,2.1,1.85,1.78,1.24,6.6,16
I1,22/11/15,Lazio,Palermo,1,1,D,0,1,A,18,13,3,8,18,18,10,2,3,3,0,0,1.45,4.33,7.5,1.45,4.2,7,1.5,4,6.1,1.48,4,7,1.5,4.37,7.93,1.5,4,7,1.45,4.33,8,42,1.53,1.48,4.44,4.18,8,7.15,37,1.93,1.86,2.04,1.94,25,-1,1.85,1.81,2.13,2.07,1.44,4.69,8.83
I1,22/11/15,Udinese,Sampdoria,1,0,H,1,0,H,9,10,4,0,18,14,6,1,3,1,0,1,2.15,3.3,3.6,2.2,3.3,3.4,2.1,3.3,3.3,2.1,3.3,3.4,2.16,3.46,3.72,2.2,3.3,3.3,2.15,3.2,3.8,44,2.24,2.14,3.48,3.32,3.8,3.48,38,2.21,2.12,1.78,1.71,24,-0.25,1.91,1.85,2.08,2.01,2.13,3.54,3.73
I1,22/11/15,Verona,Napoli,0,2,A,0,0,D,3,22,3,10,8,9,3,6,3,2,0,0,8,4.75,1.4,7.75,4.6,1.42,7.3,4.4,1.4,7,4.5,1.4,8.03,4.81,1.45,8,4.2,1.44,8.5,4.8,1.4,44,8.5,7.35,4.95,4.56,1.48,1.43,36,1.7,1.64,2.36,2.24,24,1.25,1.95,1.89,2.02,1.97,9.01,5.17,1.4
I1,28/11/15,Milan,Sampdoria,4,1,H,2,0,H,23,10,10,2,18,14,4,2,1,2,0,0,1.57,4,6,1.6,3.7,6.5,1.65,3.6,5.1,1.57,3.8,6,1.6,4.18,6.5,1.62,3.6,6,1.55,4.1,6.5,52,1.65,1.57,4.18,3.9,6.57,6.16,47,1.96,1.9,1.98,1.89,32,-1,2.05,1.99,1.92,1.86,1.59,4.23,6.44
I1,28/11/15,Torino,Bologna,2,0,H,0,0,D,14,3,6,0,8,10,7,2,0,1,0,0,1.62,3.8,6,1.67,3.25,6,1.7,3.6,4.7,1.62,3.6,5.75,1.65,3.87,6.36,1.67,3.4,6,1.62,3.7,6.5,52,1.7,1.63,3.88,3.65,6.5,5.95,45,2.25,2.16,1.75,1.68,30,-1,2.23,2.17,1.77,1.72,1.7,3.61,6.5
I1,29/11/15,Chievo,Udinese,2,3,A,1,1,D,12,14,6,5,21,17,3,6,5,2,0,0,2.1,3.2,3.8,2.2,3,3.5,2.2,3.2,3.2,2.2,3,3.6,2.26,3.19,3.79,2.2,3.1,3.5,2.2,3.1,3.8,52,2.26,2.18,3.3,3.14,3.81,3.58,45,2.51,2.34,1.65,1.58,30,-0.25,1.91,1.87,2.04,1.99,2.38,3.19,3.49
I1,29/11/15,Empoli,Lazio,1,0,H,1,0,H,5,16,1,5,15,18,3,8,4,0,0,0,2.9,3.3,2.5,2.75,3.25,2.5,2.9,3.3,2.3,2.9,3.2,2.4,3.06,3.32,2.55,3,3.25,2.38,3.13,3.13,2.5,51,3.13,2.94,3.32,3.22,2.6,2.46,45,2.18,2.09,1.78,1.71,28,0,2.2,2.11,1.81,1.75,3.21,3.23,2.51
I1,29/11/15,Frosinone,Verona,3,2,H,2,0,H,16,16,6,8,24,27,6,4,2,4,0,1,2.6,3.2,2.8,2.6,3.1,2.75,2.4,3.2,2.85,2.5,3.1,2.8,2.67,3.28,2.93,2.5,3.3,2.8,2.63,3.2,2.88,51,2.68,2.56,3.31,3.2,2.96,2.83,46,2.07,1.97,1.89,1.82,28,0,1.88,1.83,2.07,2.01,2.64,3.34,2.92
I1,29/11/15,Genoa,Carpi,1,2,A,1,0,H,9,15,3,5,9,19,9,7,0,3,1,0,1.62,3.8,6,1.57,3.6,6.5,1.55,3.9,5.6,1.57,3.6,6.5,1.61,3.92,6.99,1.6,3.75,6,1.6,3.9,6.5,52,1.62,1.58,4,3.78,7.05,6.34,47,2.17,2.05,1.85,1.76,32,-1,2.11,2.05,1.85,1.81,1.64,3.95,6.41
I1,29/11/15,Palermo,Juventus,0,3,A,0,0,D,11,16,0,4,13,15,1,7,2,3,0,0,7,3.75,1.57,6,3.7,1.62,5.4,3.7,1.6,6,3.8,1.57,6.93,3.9,1.61,6,3.75,1.6,7,3.6,1.62,52,7,6.41,3.9,3.72,1.64,1.59,46,2.25,2.15,1.75,1.68,31,1,1.85,1.81,2.1,2.05,8.35,4.08,1.53
I1,29/11/15,Roma,Atalanta,0,2,A,0,1,A,17,4,3,3,23,22,9,3,1,2,1,2,1.5,4.33,6.5,1.5,4,7.5,1.45,4,7,1.48,4.2,7,1.51,4.42,7.72,1.5,4.2,6.5,1.5,4.33,7.5,51,1.57,1.49,4.42,4.16,7.73,6.95,45,1.8,1.73,2.17,2.08,31,-1,1.88,1.83,2.09,2.03,1.47,4.51,8.46
I1,30/11/15,Napoli,Inter,2,1,H,1,0,H,12,11,4,2,8,7,4,5,4,1,0,1,1.67,3.75,5.5,1.7,3.6,5.5,1.75,3.5,4.5,1.65,3.6,5.5,1.69,3.89,5.84,1.7,3.5,5.5,1.65,3.8,5.75,49,1.75,1.67,3.9,3.73,5.85,5.36,44,1.85,1.78,2.12,2.01,27,-1,2.23,2.15,1.79,1.74,1.61,4.23,6.2
I1,30/11/15,Sassuolo,Fiorentina,1,1,D,1,1,D,16,17,2,4,16,16,7,4,2,1,0,0,3.75,3.3,2.1,3.4,3.3,2.1,3.2,3.2,2.2,3.6,3.3,2.05,3.86,3.48,2.11,3.6,3.3,2.1,4,3.3,2.05,49,4,3.63,3.5,3.35,2.2,2.08,44,2.15,2.03,1.87,1.76,27,0.5,1.85,1.8,2.13,2.07,3.94,3.4,2.11
I1,04/12/15,Lazio,Juventus,0,2,A,0,2,A,11,7,3,1,18,15,6,1,5,3,0,0,3.6,3.25,2.15,3.4,3.3,2.2,3.3,3.3,2.1,3.4,3.2,2.2,3.57,3.36,2.26,3.4,3.1,2.25,3.8,3.1,2.2,49,3.8,3.49,3.36,3.22,2.26,2.19,42,2.4,2.3,1.66,1.6,27,0.25,2.03,1.98,1.94,1.88,3.53,3.25,2.33
I1,05/12/15,Inter,Genoa,1,0,H,0,0,D,15,4,5,2,13,16,5,3,1,3,1,0,1.62,4,5.5,1.65,3.8,5.5,1.5,4,6.1,1.62,3.8,5.5,1.65,4.11,5.8,1.67,3.75,5,1.65,3.75,6,49,1.67,1.62,4.11,3.88,6.21,5.6,44,1.92,1.85,2.01,1.93,28,-1,2.15,2.08,1.83,1.79,1.64,4.02,6.13
I1,05/12/15,Torino,Roma,1,1,D,0,0,D,11,5,5,3,18,13,2,5,3,4,0,0,2.75,3.1,2.7,2.8,3,2.8,2.65,3.1,2.65,2.7,3,2.75,2.89,3.13,2.82,2.7,3.1,2.7,2.8,3.1,2.75,49,2.89,2.75,3.21,3.07,2.82,2.72,42,2.26,2.18,1.71,1.66,28,0,2.02,1.94,1.96,1.9,2.6,3.28,3.03
I1,06/12/15,Atalanta,Palermo,3,0,H,2,0,H,12,17,4,4,15,20,3,8,1,3,1,0,1.83,3.5,4.5,1.85,3.3,4.33,1.85,3.4,4.1,1.75,3.4,5,1.81,3.64,5.21,1.83,3.2,5,1.8,3.4,5.25,49,1.87,1.8,3.64,3.47,5.25,4.75,43,2.19,2.11,1.76,1.71,26,-0.75,2.08,2.03,1.86,1.82,1.76,3.7,5.46
I1,06/12/15,Bologna,Napoli,3,2,H,2,0,H,11,16,4,7,19,11,4,7,2,0,0,0,8,4.33,1.44,7,4.1,1.5,7,4,1.45,7,4.33,1.44,7.7,4.53,1.5,7,4,1.5,8,4.5,1.44,49,8,7.25,4.6,4.35,1.5,1.46,44,1.87,1.8,2.07,1.99,27,1.25,1.87,1.82,2.09,2.04,8.17,4.45,1.49
I1,06/12/15,Carpi,Milan,0,0,D,0,0,D,11,20,3,7,15,22,2,12,0,2,0,0,5,3.6,1.75,5,3.6,1.75,4.5,3.5,1.75,5,3.5,1.75,5.37,3.61,1.79,5,3.3,1.8,5.75,3.4,1.75,49,5.75,5.07,3.61,3.49,1.81,1.75,42,2.31,2.22,1.69,1.64,27,0.75,1.89,1.86,2.05,1.99,5.16,3.53,1.84
I1,06/12/15,Fiorentina,Udinese,3,0,H,1,0,H,14,8,5,0,16,14,7,1,2,5,0,0,1.44,4.5,7.5,1.5,4,6.5,1.55,3.9,5.6,1.48,4.2,7,1.48,4.54,8.04,1.5,4,7,1.45,4.4,8,49,1.55,1.47,4.54,4.3,8.04,7.07,43,1.85,1.78,2.1,2.01,29,-1,1.83,1.79,2.14,2.08,1.53,4.34,7.41
I1,06/12/15,Frosinone,Chievo,0,2,A,0,0,D,14,10,3,3,18,21,9,6,3,5,0,1,3.1,3.2,2.4,3.1,3,2.4,2.75,3.2,2.5,3.1,3.1,2.38,3.2,3.29,2.47,2.9,3.1,2.5,3.25,3.1,2.45,49,3.25,3.08,3.3,3.16,2.5,2.41,42,2.35,2.24,1.69,1.63,27,0.25,1.85,1.81,2.11,2.05,3.09,3.34,2.52
I1,06/12/15,Sampdoria,Sassuolo,1,3,A,0,3,A,8,16,2,10,19,18,11,6,2,3,0,0,2.38,3.2,3.2,2.4,3.1,3,2.3,3.2,3,2.4,3.1,3.1,2.44,3.3,3.26,2.5,3.1,2.9,2.4,3.13,3.3,49,2.5,2.4,3.35,3.19,3.3,3.07,43,2.19,2.11,1.78,1.71,27,-0.25,2.08,2.03,1.88,1.83,2.3,3.41,3.42
I1,06/12/15,Verona,Empoli,0,1,A,0,0,D,18,11,4,5,18,7,12,0,1,4,0,0,3,3.1,2.5,2.9,3.1,2.6,2.75,3.2,2.5,2.88,3.1,2.5,2.98,3.27,2.64,2.7,3.1,2.7,3,3.1,2.6,49,3,2.88,3.31,3.15,2.7,2.56,42,2.28,2.18,1.71,1.66,28,0,2.11,2.03,1.86,1.82,3.2,3.26,2.49
I1,12/12/15,Genoa,Bologna,0,1,A,0,0,D,19,10,4,2,13,19,10,7,0,2,1,1,1.91,3.4,4.33,2,3.2,4.2,2,3.2,3.75,1.85,3.25,4.5,1.96,3.4,4.64,1.95,3.2,4.33,1.93,3.25,4.75,48,2,1.93,3.4,3.29,4.75,4.32,43,2.4,2.28,1.66,1.61,27,-0.5,1.98,1.93,1.99,1.93,1.94,3.45,4.62
I1,12/12/15,Palermo,Frosinone,4,1,H,2,1,H,20,15,6,3,18,16,6,4,2,3,0,0,1.7,3.8,5,1.75,3.6,5,1.75,3.5,4.5,1.73,3.6,4.75,1.76,3.84,5.25,1.8,3.3,5,1.73,3.6,5.5,49,1.83,1.74,3.84,3.63,5.5,4.96,45,2.04,1.95,1.93,1.84,28,-1,2.47,2.37,1.66,1.62,1.93,3.6,4.45
I1,12/12/15,Udinese,Inter,0,4,A,0,2,A,22,13,7,7,12,15,9,2,3,3,0,0,4,3.3,2,3.9,3.25,2.05,3.6,3.3,2,4,3.3,1.95,4.25,3.48,2.01,4,3.25,2,4.5,3.25,1.95,49,4.5,4,3.6,3.33,2.1,1.99,45,2.28,2.18,1.72,1.66,28,0.5,1.93,1.89,2.01,1.97,3.98,3.4,2.11
I1,13/12/15,Chievo,Atalanta,1,0,H,0,0,D,15,6,3,2,14,17,5,1,3,2,0,2,2.4,3.1,3.2,2.5,3.1,3.1,2.5,3.1,2.8,2.4,3,3.1,2.55,3.15,3.23,2.5,3,3.1,2.5,3,3.3,48,2.56,2.48,3.2,3.05,3.3,3.08,42,2.51,2.39,1.6,1.56,26,-0.25,2.14,2.09,1.84,1.78,2.49,3.2,3.26
I1,13/12/15,Empoli,Carpi,3,0,H,0,0,D,13,14,4,4,7,13,2,4,0,2,0,0,1.67,3.75,5.5,1.7,3.6,5.5,1.7,3.6,4.7,1.67,3.6,5.5,1.72,3.76,5.79,1.73,3.3,5.5,1.67,3.6,6.25,49,1.75,1.68,3.76,3.6,6.25,5.48,44,2.33,2.19,1.71,1.66,28,-1,2.36,2.27,1.7,1.67,1.94,3.35,4.81
I1,13/12/15,Juventus,Fiorentina,3,1,H,1,1,D,16,6,6,1,17,20,3,1,3,5,0,0,1.67,3.75,5.5,1.67,3.5,6,1.65,3.6,5.1,1.62,3.5,6,1.67,3.74,6.55,1.67,3.4,6,1.62,3.75,6.5,49,1.7,1.64,3.8,3.62,6.71,5.97,45,2.16,2.08,1.8,1.73,28,-1,2.23,2.15,1.8,1.74,1.79,3.5,5.74
I1,13/12/15,Milan,Verona,1,1,D,0,0,D,17,11,6,2,11,16,9,7,3,6,1,0,1.36,4.75,9,1.36,5,8.75,1.35,4.8,7.6,1.35,4.75,10,1.35,5.23,11.49,1.36,4.5,10,1.33,5,11.5,48,1.4,1.34,5.23,4.84,11.5,9.71,44,1.88,1.78,2.09,2.01,29,-1.5,2.14,2.08,1.84,1.79,1.45,4.81,8.08
I1,13/12/15,Napoli,Roma,0,0,D,0,0,D,12,5,4,0,13,17,7,1,2,3,0,0,1.57,4.33,5.5,1.65,3.75,6,1.6,3.7,5.4,1.6,3.8,5.75,1.65,4.04,6.09,1.62,3.8,5.5,1.57,4.1,6.25,49,1.67,1.6,4.33,3.94,6.25,5.7,45,1.73,1.67,2.3,2.18,30,-1,2.07,2.01,1.89,1.85,1.76,3.92,5.08
I1,14/12/15,Lazio,Sampdoria,1,1,D,0,0,D,14,10,2,4,16,15,7,0,2,4,0,0,1.45,4.2,8,1.5,4.1,7,1.5,4,6.1,1.5,4,7,1.53,4.33,7.45,1.5,4,7,1.5,4.2,7.5,47,1.53,1.49,4.33,4.13,8,7.06,43,1.9,1.84,2.04,1.94,28,-1,1.89,1.83,2.08,2.03,1.47,4.65,7.98
I1,19/12/15,Bologna,Empoli,2,3,A,2,2,D,13,18,4,7,17,15,9,6,2,4,0,0,2.5,3.1,3.1,2.5,3.1,3.1,2.3,3.2,3,2.38,3.1,3.1,2.43,3.23,3.34,2.38,3,3.25,2.45,3,3.4,49,2.5,2.4,3.23,3.08,3.4,3.18,36,2.51,2.37,1.61,1.56,28,-0.25,2.09,2.04,1.88,1.83,2.83,3.03,2.97
I1,20/12/15,Atalanta,Napoli,1,3,A,0,0,D,16,16,5,5,13,15,7,4,1,1,1,1,6,3.8,1.62,5.75,3.7,1.65,4.7,3.6,1.7,5.5,3.6,1.67,6.55,3.92,1.63,5.5,3.6,1.67,6.25,3.9,1.6,48,6.59,5.79,4,3.76,1.7,1.63,43,1.93,1.85,2.03,1.93,27,0.75,2.15,2.07,1.85,1.8,7.37,4.53,1.51
I1,20/12/15,Carpi,Juventus,2,3,A,1,2,A,11,10,3,6,16,15,3,3,1,0,0,0,11,4.5,1.36,9.5,4.33,1.4,7.3,4.4,1.4,9.5,4.33,1.4,11.9,4.8,1.37,10,4,1.4,12,4.5,1.36,48,12,9.9,4.84,4.39,1.4,1.38,42,2.33,2.22,1.71,1.65,28,1,2.39,2.29,1.7,1.65,10.98,4.87,1.38
I1,20/12/15,Fiorentina,Chievo,2,0,H,2,0,H,13,6,8,0,19,14,7,2,1,2,0,0,1.44,4.33,8,1.48,4.2,7.25,1.5,4,6.1,1.44,4,7.5,1.49,4.38,8.4,1.5,4,7,1.45,4.3,8.5,48,1.5,1.46,4.41,4.2,8.5,7.5,43,2.02,1.95,1.91,1.85,29,-1,1.85,1.8,2.13,2.07,1.53,4.2,7.75
I1,20/12/15,Frosinone,Milan,2,4,A,1,0,H,15,23,5,10,14,11,2,11,5,3,0,0,5.5,3.8,1.67,5,3.6,1.75,4.2,3.5,1.8,5,3.6,1.7,5.49,3.82,1.74,5,3.5,1.75,5.5,3.7,1.7,49,5.52,5.06,3.82,3.66,1.8,1.71,44,1.97,1.89,1.99,1.9,27,0.75,1.99,1.94,1.96,1.92,6.19,3.93,1.66
I1,20/12/15,Inter,Lazio,1,2,A,0,1,A,7,7,1,3,16,25,5,4,1,2,1,1,1.75,3.6,5,1.75,3.6,5,1.75,3.5,4.5,1.75,3.5,4.75,1.83,3.65,5.03,1.8,3.3,5,1.75,3.6,5.25,48,1.83,1.77,3.71,3.54,5.29,4.83,43,2.1,2.01,1.85,1.79,27,-0.75,2.08,2.01,1.88,1.85,2.12,3.37,3.97
I1,20/12/15,Roma,Genoa,2,0,H,1,0,H,7,12,3,4,13,5,5,8,3,1,1,0,1.5,4.33,6.5,1.5,4.33,6.5,1.5,4,6.1,1.48,4.2,7,1.49,4.55,7.69,1.5,4.2,6.5,1.45,4.33,8,49,1.53,1.49,4.55,4.25,8,6.81,43,1.83,1.75,2.13,2.06,29,-1,1.87,1.83,2.1,2.03,1.53,4.32,7.47
I1,20/12/15,Sampdoria,Palermo,2,0,H,0,0,D,16,11,6,5,12,25,6,3,2,4,0,0,2.15,3.3,3.5,2.15,3.3,3.5,2.1,3.3,3.3,2.1,3.25,3.6,2.16,3.44,3.75,2.15,3.2,3.5,2.15,3.25,3.75,49,2.18,2.11,3.44,3.31,3.85,3.57,42,2.12,2.06,1.82,1.74,27,-0.25,1.87,1.82,2.11,2.04,2.32,3.38,3.41
I1,20/12/15,Torino,Udinese,0,1,A,0,1,A,10,12,1,6,22,16,7,7,2,1,0,1,1.67,3.75,5.5,1.72,3.5,5.5,1.75,3.5,4.5,1.67,3.5,5.5,1.71,3.75,5.89,1.73,3.5,5,1.67,3.6,6.25,48,1.75,1.68,3.9,3.6,6.25,5.49,42,2.16,2.1,1.79,1.72,27,-0.75,1.95,1.89,2.02,1.97,1.77,3.69,5.28
I1,20/12/15,Verona,Sassuolo,1,1,D,1,1,D,10,16,6,5,15,14,6,8,2,1,0,0,2.7,3.3,2.63,2.75,3.2,2.65,2.6,3.2,2.6,2.7,3.25,2.62,2.76,3.39,2.76,2.7,3.1,2.7,2.75,3.25,2.7,48,2.83,2.71,3.39,3.22,2.84,2.65,42,2.18,2.08,1.81,1.73,27,0,1.99,1.94,1.96,1.9,2.7,3.41,2.8
I1,05/01/16,Genoa,Sampdoria,2,3,A,0,2,A,18,11,10,5,18,16,12,5,6,1,0,0,2.25,3.2,3.4,2.3,3.1,3.4,2.2,3.2,3.2,2.25,3,3.4,2.31,3.23,3.6,2.25,3.2,3.3,2.3,3.13,3.5,49,2.35,2.26,3.25,3.13,3.63,3.43,43,2.28,2.17,1.73,1.67,29,-0.25,2,1.94,1.97,1.92,2.42,2.96,3.71
I1,06/01/16,Chievo,Roma,3,3,D,1,2,A,12,14,6,5,12,13,8,2,3,2,0,0,3.4,3.3,2.2,3.4,3.2,2.25,2.9,3.3,2.3,3.4,3.25,2.15,3.63,3.41,2.21,3.4,3.1,2.25,3.75,3.13,2.2,49,3.75,3.43,3.41,3.25,2.3,2.19,43,2.33,2.21,1.7,1.65,29,0.25,2.05,1.99,1.91,1.87,3.14,3.27,2.53
I1,06/01/16,Empoli,Inter,0,1,A,0,1,A,16,14,4,3,9,10,8,5,2,2,0,0,3.4,3.2,2.25,3.4,3.2,2.25,3.2,3.2,2.2,3.5,3.2,2.15,3.6,3.28,2.28,3.4,3.1,2.25,3.7,3.1,2.25,49,3.7,3.43,3.28,3.19,2.31,2.22,43,2.28,2.21,1.71,1.65,29,0.25,2.01,1.96,1.95,1.89,3.63,3.37,2.23
I1,06/01/16,Juventus,Verona,3,0,H,2,0,H,15,7,6,1,17,11,9,3,3,2,0,0,1.17,7,19,1.18,7,16,1.15,7,15,1.18,6.5,17,1.21,7.27,18.43,1.17,7,17,1.17,7,23,49,1.21,1.18,7.7,6.73,23,17.44,42,1.71,1.66,2.32,2.19,30,-2,2.09,2.03,1.87,1.83,1.19,7.62,21
I1,06/01/16,Lazio,Carpi,0,0,D,0,0,D,15,5,0,2,12,9,9,7,2,1,0,0,1.4,4.75,8,1.4,4.33,9.5,1.4,4.4,7.3,1.36,4.5,9,1.42,4.73,9.63,1.4,4.5,8,1.4,4.8,9,49,1.42,1.39,4.8,4.58,10,8.87,44,2.02,1.93,1.95,1.86,28,-1.5,2.26,2.17,1.76,1.73,1.46,4.45,8.99
I1,06/01/16,Milan,Bologna,0,1,A,0,0,D,17,7,4,3,16,12,10,0,6,5,0,0,1.5,4.2,7,1.55,4,6.5,1.5,4,6.1,1.5,4,7,1.53,4.28,7.39,1.5,4,7,1.57,3.8,7,49,1.57,1.51,4.29,4.05,7.5,6.79,43,2.1,1.99,1.88,1.79,29,-1,1.92,1.89,2.02,1.96,1.51,4.29,7.92
I1,06/01/16,Napoli,Torino,2,1,H,2,1,H,17,9,8,4,12,21,7,5,2,4,0,0,1.36,5,9,1.4,4.5,8.75,1.4,4.4,7.3,1.36,4.5,8.5,1.41,4.88,9.21,1.4,4.5,8,1.36,5,9,49,1.44,1.39,5,4.6,9.26,8.42,43,1.81,1.75,2.15,2.06,28,-1.5,2.25,2.17,1.77,1.73,1.41,4.9,9.51
I1,06/01/16,Palermo,Fiorentina,1,3,A,0,2,A,11,11,3,5,23,16,4,3,3,3,0,0,4.33,3.6,1.83,4.5,3.5,1.85,3.8,3.45,1.9,4.33,3.5,1.8,4.83,3.67,1.85,4.4,3.6,1.8,4.8,3.5,1.83,49,4.83,4.44,3.7,3.52,1.9,1.83,44,2.02,1.95,1.92,1.84,28,0.5,2.1,2.04,1.86,1.83,5.42,3.77,1.76
I1,06/01/16,Sassuolo,Frosinone,2,2,D,1,2,A,30,5,3,2,14,21,8,1,1,2,1,0,1.53,4,7,1.57,4.1,6,1.65,3.6,5.1,1.53,4,6.5,1.55,4.31,7,1.57,3.75,6.5,1.53,4.1,7,49,1.65,1.54,4.32,4.02,7.02,6.48,44,1.91,1.84,2.05,1.94,29,-1,1.96,1.92,1.98,1.93,1.47,4.66,8.14
I1,06/01/16,Udinese,Atalanta,2,1,H,2,0,H,18,22,6,7,18,18,4,5,3,3,0,0,2.2,3.25,3.5,2.3,3,3.5,2.3,3.2,3,2.2,3.2,3.4,2.24,3.34,3.58,2.3,3.1,3.3,2.25,3.13,3.6,49,2.3,2.24,3.34,3.2,3.61,3.39,43,2.3,2.19,1.72,1.66,29,-0.25,1.95,1.91,2.01,1.94,2.18,3.33,3.84
I1,09/01/16,Carpi,Udinese,2,1,H,1,0,H,13,10,6,5,17,10,6,5,1,1,0,0,3.1,3.1,2.5,3,3.1,2.55,2.6,3.2,2.6,2.9,3.1,2.5,3.14,3.32,2.5,2.9,3.2,2.5,3,3.25,2.5,48,3.14,2.97,3.32,3.14,2.6,2.49,41,2.42,2.31,1.66,1.6,27,0.25,1.8,1.75,2.2,2.12,3.27,3.26,2.45
I1,09/01/16,Fiorentina,Lazio,1,3,A,0,1,A,17,10,7,6,15,23,6,2,3,4,0,0,1.8,3.5,4.75,1.85,3.5,4.5,1.85,3.45,4,1.8,3.5,4.5,1.85,3.68,4.85,1.85,3.4,4.5,1.87,3.4,4.8,47,1.87,1.82,3.65,3.48,4.89,4.56,42,2.13,2.02,1.86,1.77,26,-0.75,2.12,2.07,1.86,1.79,2.08,3.44,4
I1,09/01/16,Roma,Milan,1,1,D,1,0,H,12,17,5,6,9,15,4,8,3,3,0,0,2,3.5,3.8,2,3.3,4,2,3.3,3.6,2,3.3,3.8,2.08,3.46,4,2,3.3,3.8,2,3.4,4,48,2.08,2.02,3.53,3.38,4.05,3.79,43,2,1.93,1.95,1.86,28,-0.5,2.08,2.02,1.89,1.84,2.15,3.4,3.82
I1,10/01/16,Atalanta,Genoa,0,2,A,0,0,D,14,12,0,2,14,18,4,5,2,2,0,0,2.38,3.1,3.3,2.35,3.2,3.2,2.3,3.1,3.1,2.3,3,3.3,2.32,3.22,3.59,2.3,3.1,3.3,2.3,3.13,3.5,47,2.38,2.29,3.25,3.14,3.59,3.32,40,2.34,2.22,1.7,1.64,29,-0.25,2,1.95,1.96,1.9,2.54,3.27,3.12
I1,10/01/16,Bologna,Chievo,0,1,A,0,0,D,16,8,2,2,20,16,5,4,2,2,0,0,2.3,3.1,3.4,2.4,3.1,3.2,2.4,3.1,2.95,2.3,3,3.3,2.47,3.18,3.32,2.4,3.1,3.1,2.38,3.2,3.3,48,2.47,2.38,3.2,3.07,3.4,3.22,36,2.68,2.5,1.57,1.51,29,-0.25,2.09,2.03,1.89,1.82,2.65,3,3.24
I1,10/01/16,Frosinone,Napoli,1,5,A,0,2,A,9,24,3,10,12,10,3,9,2,1,0,0,13,6.5,1.22,11.5,6.25,1.25,9,5,1.3,13,6,1.22,13.91,6.66,1.25,11,6,1.25,13,6.5,1.22,48,14,12.11,6.66,6.19,1.3,1.23,35,1.55,1.49,2.65,2.53,28,2,1.79,1.74,2.18,2.13,16.9,7.71,1.2
I1,10/01/16,Inter,Sassuolo,0,1,A,0,0,D,21,15,6,6,16,19,9,7,3,3,0,0,1.57,4,6.5,1.62,3.75,6,1.55,3.9,5.6,1.6,3.8,6,1.6,4.06,6.8,1.6,4,5.5,1.57,3.9,7,48,1.62,1.58,4.06,3.87,7,6.08,43,1.99,1.91,1.96,1.88,28,-1,2.08,2.02,1.89,1.83,1.72,3.84,5.63
I1,10/01/16,Sampdoria,Juventus,1,2,A,0,1,A,9,13,2,5,18,16,5,8,2,4,1,0,7.5,4,1.5,7,4.1,1.5,7,4,1.45,7.5,4,1.48,8.07,4.28,1.51,7,4,1.5,9,4.2,1.45,48,9,7.41,4.33,4.06,1.53,1.48,42,2.14,2.04,1.83,1.76,29,1,2.08,2.03,1.88,1.82,7.76,4.12,1.54
I1,10/01/16,Torino,Empoli,0,1,A,0,0,D,19,11,6,4,21,22,7,1,3,6,0,0,1.95,3.3,4.33,1.91,3.3,4.4,1.9,3.3,4,1.85,3.3,4.33,1.93,3.47,4.68,1.91,3.3,4.33,1.9,3.3,4.75,48,1.95,1.9,3.47,3.33,4.75,4.37,41,2.3,2.21,1.71,1.65,28,-0.5,1.93,1.89,2.01,1.96,1.98,3.42,4.47
I1,10/01/16,Verona,Palermo,0,1,A,0,1,A,30,9,7,2,16,25,10,3,2,4,0,0,2.2,3.3,3.4,2.35,3.25,3.2,2.3,3.1,3.1,2.2,3.2,3.3,2.28,3.36,3.53,2.25,3.2,3.3,2.25,3.2,3.5,47,2.38,2.27,3.35,3.22,3.52,3.28,41,2.19,2.12,1.77,1.71,28,-0.25,2,1.92,1.98,1.92,2.24,3.49,3.48
I1,16/01/16,Atalanta,Inter,1,1,D,1,1,D,19,13,5,2,14,19,8,8,4,5,0,0,3.75,3.4,2.05,3.8,3.2,2.1,3.3,3.3,2.1,3.75,3.25,2.05,3.91,3.41,2.12,3.6,3.25,2.1,4,3.25,2.05,45,4,3.76,3.43,3.29,2.14,2.07,41,2.28,2.2,1.71,1.65,28,0.5,1.86,1.81,2.11,2.06,4.26,3.52,2
I1,16/01/16,Napoli,Sassuolo,3,1,H,2,1,H,20,9,6,3,10,18,3,5,0,1,0,0,1.29,5.75,10,1.28,5.5,11.5,1.3,5,9,1.3,5.25,11,1.31,5.74,12.45,1.29,5.5,10,1.25,5.75,13,44,1.33,1.29,6,5.42,13,10.82,36,1.61,1.56,2.55,2.37,28,-1.5,1.93,1.88,2.02,1.98,1.31,5.95,11.05
I1,16/01/16,Torino,Frosinone,4,2,H,3,1,H,21,18,9,5,14,14,6,7,1,1,0,0,1.3,5.5,10,1.3,5.5,10,1.33,4.8,8.3,1.3,5,11,1.33,5.56,11.55,1.29,5,12,1.3,5.5,11,44,1.36,1.31,5.58,5.2,12,10.38,41,1.75,1.68,2.32,2.16,29,-1.5,1.99,1.94,1.98,1.92,1.34,5.59,10.53
I1,17/01/16,Bologna,Lazio,2,2,D,2,0,H,8,9,3,3,16,17,2,7,1,2,1,0,3.75,3.3,2.1,3.7,3.2,2.15,3.1,3.1,2.3,3.6,3.2,2.1,3.8,3.33,2.19,3.6,3.2,2.15,3.9,3.13,2.15,44,3.9,3.64,3.35,3.22,2.3,2.13,40,2.42,2.3,1.65,1.6,28,0.25,2.08,2.04,1.88,1.83,4.02,3.36,2.11
I1,17/01/16,Carpi,Sampdoria,2,1,H,1,1,D,9,12,5,4,23,15,2,4,1,1,1,0,2.6,3.25,2.8,2.7,3.1,2.8,2.6,3.2,2.6,2.5,3.1,2.88,2.64,3.25,2.99,2.62,3.1,2.8,2.7,3,3,44,2.75,2.62,3.25,3.12,3,2.84,40,2.4,2.27,1.69,1.62,26,0,1.87,1.83,2.09,2.01,2.45,3.31,3.23
I1,17/01/16,Chievo,Empoli,1,1,D,1,0,H,15,14,5,5,18,13,3,6,3,3,0,0,2.5,3.2,3,2.6,3,3,2.5,3.1,2.8,2.4,3,3,2.51,3.16,3.22,2.6,2.9,3,2.6,2.9,3.2,44,2.62,2.5,3.2,3.06,3.25,3.04,37,2.6,2.47,1.58,1.52,27,-0.25,2.2,2.12,1.8,1.76,2.35,3.12,3.64
I1,17/01/16,Genoa,Palermo,4,0,H,1,0,H,18,11,10,3,14,20,1,2,2,2,0,1,1.8,3.5,4.75,1.8,3.5,4.75,1.9,3.45,3.8,1.75,3.5,4.75,1.81,3.73,4.98,1.8,3.4,4.75,1.8,3.5,5.2,44,1.9,1.79,3.73,3.51,5.2,4.74,41,2.15,2.05,1.85,1.75,26,-0.75,2.08,2.03,1.88,1.83,1.72,3.69,5.95
I1,17/01/16,Milan,Fiorentina,2,0,H,1,0,H,4,14,3,1,20,19,4,10,2,4,0,0,2.4,3.2,3.1,2.45,3.1,3.1,2.5,3.2,2.75,2.38,3.25,3,2.43,3.42,3.16,2.5,3.2,2.9,2.4,3.2,3.2,44,2.51,2.42,3.42,3.24,3.2,2.99,41,2.1,2.03,1.85,1.77,28,-0.25,2.1,2.06,1.86,1.81,2.42,3.28,3.31
I1,17/01/16,Roma,Verona,1,1,D,1,0,H,16,10,4,3,14,16,8,2,0,2,0,0,1.33,5.25,9.5,1.36,5,8.75,1.37,4.6,7.5,1.36,4.75,9,1.36,5.31,10.57,1.4,4.5,8,1.33,5,10.5,44,1.4,1.35,5.31,4.89,10.87,9.19,41,1.75,1.7,2.26,2.14,29,-1.5,2.12,2.06,1.85,1.8,1.31,5.74,12.55
I1,17/01/16,Udinese,Juventus,0,4,A,0,4,A,8,13,3,8,10,16,3,4,1,1,1,0,6.5,3.75,1.57,6.5,3.9,1.57,6.1,4,1.5,6,3.75,1.6,6.54,4.02,1.62,6.5,3.8,1.55,7,3.7,1.6,44,7,6.29,4.04,3.78,1.67,1.59,41,2.25,2.14,1.76,1.7,28,1,1.81,1.78,2.17,2.1,5.49,3.44,1.83
I1,20/01/16,Sassuolo,Torino,1,1,D,1,1,D,13,8,3,5,12,11,8,5,2,4,0,0,2.5,3.1,3.1,2.6,3.1,2.95,2.4,3.3,2.75,2.5,3.1,2.9,2.55,3.26,3.03,2.4,3.2,3,2.6,3.1,3,46,2.6,2.5,3.3,3.16,3.1,2.94,39,2.33,2.22,1.69,1.64,25,0,1.83,1.79,2.15,2.07,2.44,3.31,3.24
I1,23/01/16,Empoli,Milan,2,2,D,1,1,D,15,10,6,5,12,22,2,3,2,4,0,0,3.1,3.25,2.4,3,3.2,2.45,2.75,3.2,2.5,3.1,3.2,2.38,3.19,3.34,2.45,3.1,3.1,2.4,3.25,3.1,2.45,46,3.25,3.06,3.34,3.21,2.5,2.41,40,2.23,2.15,1.76,1.69,26,0.25,1.85,1.81,2.12,2.06,3.76,3.33,2.2
I1,23/01/16,Frosinone,Atalanta,0,0,D,0,0,D,11,16,1,3,15,19,5,1,2,1,0,0,3.5,3.4,2.1,3.4,3.3,2.2,3.1,3.3,2.2,3.25,3.4,2.15,3.43,3.52,2.25,3.3,3.2,2.25,3.4,3.3,2.25,46,3.55,3.34,3.52,3.37,2.25,2.18,41,1.9,1.83,2.05,1.96,27,0.25,2,1.95,1.96,1.91,3.32,3.45,2.33
I1,24/01/16,Fiorentina,Torino,2,0,H,1,0,H,13,10,2,2,13,25,3,8,1,4,0,0,1.8,3.5,4.75,1.85,3.5,4.5,1.8,3.4,4.4,1.75,3.4,4.75,1.82,3.66,5.07,1.83,3.4,4.5,1.8,3.5,5.2,46,1.85,1.79,3.66,3.48,5.2,4.76,40,2.13,2.04,1.81,1.76,26,-0.75,2.09,2.04,1.86,1.82,1.84,3.52,5.2
I1,24/01/16,Inter,Carpi,1,1,D,1,0,H,18,12,7,4,8,17,7,6,3,3,0,1,1.36,4.75,9.5,1.36,5,9,1.45,4,7,1.36,4.5,10,1.39,4.95,10.31,1.4,4.5,8,1.4,4.4,10,46,1.45,1.37,5,4.66,10.5,9.2,41,1.94,1.87,2.01,1.92,26,-1.5,2.19,2.12,1.79,1.75,1.49,4.35,8.36
I1,24/01/16,Juventus,Roma,1,0,H,0,0,D,15,6,7,1,9,16,1,2,2,4,0,0,1.62,3.8,6,1.67,3.5,6,1.6,3.7,5.4,1.62,3.6,6,1.63,3.95,6.45,1.67,3.4,6,1.6,3.8,6.5,46,1.67,1.62,4,3.76,6.5,5.9,41,2.08,2.01,1.9,1.78,26,-0.75,1.82,1.79,2.15,2.08,1.6,3.86,7.44
I1,24/01/16,Lazio,Chievo,4,1,H,0,1,A,24,7,7,5,13,8,8,5,2,0,1,1,1.67,3.6,5.75,1.67,3.7,5.5,1.7,3.6,4.7,1.62,3.5,6,1.64,3.78,6.9,1.7,3.3,6,1.62,3.6,7,46,1.7,1.64,3.85,3.63,7,5.95,40,2.34,2.2,1.73,1.66,26,-0.75,1.86,1.82,2.1,2.04,1.65,3.76,6.85
I1,24/01/16,Palermo,Udinese,4,1,H,1,0,H,16,20,8,9,9,6,7,7,2,3,0,0,2.8,3.1,2.7,2.8,3.1,2.7,2.65,3.1,2.65,2.75,3,2.62,2.8,3.24,2.82,2.7,3.1,2.7,2.8,3.1,2.8,46,2.85,2.74,3.24,3.12,2.83,2.7,40,2.26,2.16,1.76,1.68,25,0,1.98,1.93,1.98,1.92,2.52,3.29,3.13
I1,24/01/16,Sampdoria,Napoli,2,4,A,1,2,A,8,23,4,9,14,12,7,3,1,1,1,0,6.5,4.33,1.5,6.5,4.33,1.5,7,4,1.45,6.5,4.33,1.48,7.71,4.67,1.48,7,4,1.5,7.5,4.2,1.5,46,7.86,6.96,4.67,4.31,1.5,1.47,40,1.78,1.7,2.23,2.13,26,1,2.17,2.11,1.8,1.77,7.5,4.57,1.5
I1,24/01/16,Sassuolo,Bologna,0,2,A,0,0,D,13,16,2,7,9,15,4,5,0,2,1,0,1.8,3.5,4.75,1.85,3.5,4.4,1.85,3.4,4.1,1.83,3.4,4.5,1.88,3.55,4.85,1.91,3.2,4.5,1.87,3.4,4.8,46,1.91,1.84,3.55,3.41,4.85,4.58,40,2.37,2.27,1.67,1.62,26,-0.5,1.89,1.85,2.07,2.01,2.15,3.34,3.91
I1,24/01/16,Verona,Genoa,1,1,D,1,1,D,17,10,9,2,19,20,3,3,2,2,0,0,2.9,3.25,2.5,3,3.1,2.55,2.65,3.3,2.5,2.9,3.25,2.4,3.06,3.35,2.53,3,3,2.5,3.1,3.1,2.55,46,3.1,2.93,3.35,3.21,2.58,2.47,40,2.16,2.08,1.8,1.74,27,0.25,1.81,1.77,2.17,2.11,3.47,3.56,2.21
I1,30/01/16,Atalanta,Sassuolo,1,1,D,1,1,D,6,9,5,1,24,17,3,5,2,4,0,0,2.5,3.2,3,2.5,3.25,2.9,2.4,3.1,2.95,2.4,3,3.1,2.5,3.22,3.23,2.5,3,3.1,2.5,3,3.25,47,2.54,2.46,3.3,3.13,3.33,3.03,39,2.39,2.26,1.67,1.63,26,0,1.8,1.73,2.24,2.13,2.36,3.3,3.41
I1,30/01/16,Carpi,Palermo,1,1,D,0,1,A,13,5,1,1,22,13,7,4,2,3,0,0,2.15,3.2,3.75,2.25,3.25,3.4,2.3,3.1,3.1,2.2,3.1,3.4,2.27,3.29,3.64,2.3,3.1,3.3,2.2,3.2,3.7,46,2.3,2.23,3.43,3.2,3.75,3.41,39,2.22,2.15,1.76,1.69,26,-0.25,1.95,1.89,2.03,1.97,2.38,3.25,3.43
I1,30/01/16,Roma,Frosinone,3,1,H,1,1,D,22,13,6,3,17,13,11,8,1,2,0,0,1.22,6,15,1.22,6.25,14,1.22,5.5,12,1.22,6,13,1.22,7.12,16.71,1.25,5.5,13,1.2,7,15,47,1.26,1.21,7.12,6.34,16.88,13.61,36,1.52,1.49,2.7,2.56,26,-2,2.11,2.05,1.86,1.81,1.24,6.95,14.5
I1,31/01/16,Bologna,Sampdoria,3,2,H,2,0,H,7,14,5,6,13,14,3,4,3,5,0,0,2.05,3.3,3.8,2.15,3.3,3.5,2.3,3.1,3.1,2.1,3.3,3.6,2.15,3.42,3.8,2.2,3.2,3.4,2.15,3.25,3.75,47,2.3,2.13,3.49,3.27,4,3.58,39,2.3,2.15,1.75,1.69,27,-0.25,1.85,1.82,2.1,2.04,2.18,3.36,3.79
I1,31/01/16,Chievo,Juventus,0,4,A,0,2,A,6,30,2,10,12,7,0,4,3,2,0,0,7.5,3.8,1.53,7.25,3.75,1.55,6.1,4,1.5,7,3.8,1.53,8.01,3.98,1.55,7,3.6,1.57,7,3.9,1.57,47,8.1,6.98,4,3.8,1.62,1.54,39,2.37,2.25,1.72,1.63,29,1,1.92,1.87,2.05,1.98,9.63,4.14,1.48
I1,31/01/16,Genoa,Fiorentina,0,0,D,0,0,D,11,11,2,3,13,15,7,6,2,3,0,0,3.1,3.4,2.3,3,3.4,2.35,2.85,3.2,2.4,3,3.3,2.3,3.23,3.46,2.38,3.1,3.1,2.4,3.3,3.25,2.3,47,3.3,3.08,3.55,3.3,2.41,2.34,41,2.02,1.95,1.91,1.84,27,0.25,1.91,1.86,2.05,2,3.42,3.38,2.32
I1,31/01/16,Milan,Inter,3,0,H,1,0,H,14,12,5,3,18,16,5,6,3,1,0,0,2.3,3.3,3.2,2.5,3.2,3,2.6,3.2,2.6,2.4,3.25,2.9,2.5,3.41,3.06,2.5,3.1,3,2.45,3.2,3.13,47,2.63,2.45,3.49,3.26,3.2,2.96,40,2.1,2.04,1.84,1.76,27,0,1.83,1.74,2.25,2.14,2.73,3.06,3.05
I1,31/01/16,Napoli,Empoli,5,1,H,2,1,H,20,7,6,2,11,15,4,3,3,3,0,0,1.25,6,12,1.3,5.5,10.5,1.3,5,9,1.29,5.25,12,1.29,6.05,12.86,1.3,5,11,1.29,6,11,47,1.33,1.28,6.05,5.52,13,11,35,1.65,1.6,2.4,2.28,29,-1.5,1.9,1.85,2.06,2,1.3,6.11,11.69
I1,31/01/16,Torino,Verona,0,0,D,0,0,D,16,10,6,3,13,18,5,2,0,4,0,0,1.5,4,7.5,1.5,4,7.25,1.5,4,6.1,1.48,4,7,1.52,4.37,7.6,1.53,3.75,7,1.5,4.33,7,47,1.54,1.5,4.38,4.09,7.62,6.92,41,1.92,1.86,2.05,1.93,29,-1,1.88,1.84,2.06,2.01,1.68,4,5.75
I1,31/01/16,Udinese,Lazio,0,0,D,0,0,D,11,17,1,1,8,19,5,5,2,4,1,1,3.3,3.3,2.25,3.2,3.2,2.35,2.85,3.2,2.4,3.1,3.2,2.3,3.39,3.33,2.35,3.1,3.1,2.4,3.3,3.2,2.38,47,3.39,3.18,3.38,3.21,2.4,2.32,40,2.3,2.21,1.7,1.65,27,0.25,1.94,1.88,2.02,1.97,3.41,3.38,2.32
I1,02/02/16,Sassuolo,Roma,0,2,A,0,1,A,17,13,6,5,12,15,8,7,1,2,0,1,3.1,3.25,2.38,3.2,3.1,2.4,3.2,3.2,2.2,3.2,3.1,2.3,3.3,3.33,2.37,3.2,3.2,2.3,3.3,3.1,2.38,48,3.44,3.19,3.4,3.22,2.41,2.34,42,2.25,2.16,1.76,1.68,28,0.25,1.9,1.85,2.07,2.01,3.01,3.23,2.65
I1,03/02/16,Empoli,Udinese,1,1,D,0,1,A,19,5,4,2,11,27,7,3,3,6,0,0,2.1,3.3,3.75,2.05,3.3,3.8,2,3.3,3.6,2,3.3,3.8,2.05,3.49,4.09,2.1,3.25,3.6,2.05,3.25,4.1,48,2.11,2.04,3.51,3.33,4.11,3.78,41,2.2,2.13,1.78,1.7,27,-0.5,2.1,2.04,1.88,1.83,2.15,3.4,3.84
I1,03/02/16,Fiorentina,Carpi,2,1,H,1,0,H,11,7,5,2,11,22,10,3,5,3,0,0,1.4,4.5,9,1.42,4.5,8,1.4,4.4,7.3,1.4,4.33,7.5,1.45,4.76,8.33,1.44,4.2,8,1.44,4.6,8,48,1.48,1.43,4.76,4.44,9,7.68,42,1.88,1.8,2.09,1.99,28,-1,1.75,1.71,2.27,2.19,1.4,4.87,10.05
I1,03/02/16,Frosinone,Bologna,1,0,H,0,0,D,20,15,7,3,16,15,7,4,2,4,0,1,3.1,3.25,2.4,3.1,3.3,2.35,2.9,3.3,2.3,3,3.25,2.38,3.12,3.41,2.46,3.1,3.1,2.4,3.13,3.2,2.45,48,3.25,3.03,3.47,3.26,2.53,2.39,41,2.1,2.01,1.88,1.78,28,0.25,1.85,1.81,2.11,2.05,3.01,3.18,2.68
I1,03/02/16,Inter,Chievo,1,0,H,0,0,D,24,6,8,0,17,20,11,1,3,5,0,0,1.57,3.8,6.5,1.57,3.75,6.75,1.55,3.9,5.6,1.55,3.8,7,1.55,4.07,7.68,1.57,3.6,7,1.53,3.9,7.5,48,1.62,1.55,4.07,3.84,7.7,6.72,41,2.2,2.12,1.77,1.7,30,-1,2.05,1.99,1.92,1.86,1.4,4.84,10.32
I1,03/02/16,Juventus,Genoa,1,0,H,1,0,H,11,7,2,2,14,30,3,0,1,3,1,0,1.22,6,15,1.25,5.75,12.5,1.25,5.5,10.3,1.22,5.75,15,1.24,6.52,16.14,1.22,6,13,1.22,6.25,15,48,1.27,1.23,6.52,5.87,17.5,14.2,41,1.86,1.79,2.11,2.01,28,-1.5,1.82,1.78,2.16,2.08,1.31,5.55,13.49
I1,03/02/16,Lazio,Napoli,0,2,A,0,2,A,8,10,0,5,17,13,4,3,4,2,0,0,4,3.6,1.91,4.2,3.5,1.91,3.6,3.3,2,3.8,3.5,1.91,4.19,3.68,1.96,4,3.4,1.95,4.3,3.4,1.87,48,4.32,4.02,3.79,3.53,2,1.92,41,1.9,1.83,2.04,1.96,27,0.5,2,1.95,1.96,1.9,3.74,3.34,2.2
I1,03/02/16,Palermo,Milan,0,2,A,0,2,A,12,16,2,8,16,15,6,6,3,0,0,0,4,3.6,1.91,4,3.6,1.91,3.6,3.3,2,4.2,3.5,1.85,4.36,3.72,1.92,4,3.4,1.95,4.2,3.5,1.93,48,4.37,4.11,3.72,3.52,2,1.9,40,2.08,1.99,1.86,1.8,27,0.5,2.03,1.97,1.94,1.89,4.19,3.63,1.97
I1,03/02/16,Sampdoria,Torino,2,2,D,0,0,D,9,14,4,6,12,21,2,6,3,3,0,0,2.75,3.2,2.7,2.7,3.2,2.7,2.6,3.2,2.6,2.7,3.1,2.7,2.79,3.26,2.82,2.7,3.1,2.7,2.8,3.13,2.75,48,2.81,2.71,3.43,3.18,2.82,2.7,39,2.2,2.1,1.81,1.72,29,0,1.98,1.93,1.96,1.91,3.07,3.28,2.57
I1,03/02/16,Verona,Atalanta,2,1,H,1,1,D,13,18,5,4,21,18,7,5,2,3,0,1,2.4,3.3,3,2.5,3.25,2.9,2.5,3.3,2.65,2.4,3.1,3,2.47,3.24,3.26,2.45,3.25,2.9,2.45,3.25,3.1,48,2.5,2.41,3.41,3.2,3.26,3.05,40,2.2,2.13,1.76,1.7,28,-0.25,2.09,2.05,1.88,1.82,2.47,3.31,3.2
I1,06/02/16,Bologna,Fiorentina,1,1,D,0,0,D,12,12,6,2,13,10,8,4,2,2,0,1,3.6,3.4,2.1,3.5,3.3,2.15,3.3,3.3,2.1,3.6,3.25,2.1,3.62,3.36,2.24,3.5,3.25,2.15,3.6,3.4,2.15,45,3.75,3.51,3.42,3.29,2.28,2.16,38,2.26,2.19,1.75,1.66,25,0.25,2.05,2,1.92,1.86,4.69,3.4,1.95
I1,06/02/16,Genoa,Lazio,0,0,D,0,0,D,4,10,1,2,12,18,2,9,3,3,0,0,2.63,3.2,2.8,2.65,3.2,2.8,2.6,3.2,2.6,2.62,3.1,2.8,2.7,3.26,2.91,2.6,3.2,2.75,2.7,3.1,2.88,45,2.75,2.62,3.36,3.18,2.92,2.8,38,2.29,2.17,1.75,1.67,26,0,1.91,1.86,2.05,1.98,2.57,3.26,3.09
I1,07/02/16,Atalanta,Empoli,0,0,D,0,0,D,11,9,2,3,19,14,5,3,3,4,0,0,2.38,3.2,3.2,2.4,3.1,3.2,2.5,3.1,2.8,2.4,3,3.1,2.44,3.2,3.35,2.4,3.1,3.1,2.45,3,3.3,45,2.5,2.39,3.32,3.14,3.35,3.16,36,2.38,2.26,1.67,1.62,25,-0.25,2.08,2.03,1.86,1.83,2.67,3.09,3.1
I1,07/02/16,Frosinone,Juventus,0,2,A,0,0,D,5,25,0,9,23,15,2,6,3,1,0,0,13,6.5,1.22,14,5.5,1.25,10.3,5.5,1.25,13,5.75,1.25,14.85,6.2,1.26,13,5.5,1.25,15,6,1.2,45,16.5,13.35,6.5,5.88,1.29,1.24,38,1.72,1.67,2.29,2.17,25,1.75,1.9,1.87,2.05,1.99,15.76,6.37,1.25
I1,07/02/16,Milan,Udinese,1,1,D,0,1,A,22,9,5,5,14,14,9,0,1,3,0,0,1.55,3.8,7,1.55,4,6.5,1.5,4,6.1,1.53,4,6.5,1.54,4.35,7.02,1.57,3.75,6.5,1.5,4.2,7.5,45,1.62,1.53,4.35,4.07,7.5,6.54,39,1.95,1.88,1.99,1.9,27,-1,1.96,1.91,2,1.94,1.6,4.14,6.59
I1,07/02/16,Napoli,Carpi,1,0,H,0,0,D,22,2,7,0,9,13,13,1,1,4,0,1,1.14,8,21,1.16,7.5,18,1.15,7,15,1.15,7.5,21,1.16,8.55,25,1.17,7,17,1.14,8.5,21,45,1.19,1.15,8.55,7.56,26,20.04,36,1.55,1.5,2.7,2.52,25,-2,1.84,1.81,2.11,2.06,1.2,7.5,20.01
I1,07/02/16,Roma,Sampdoria,2,1,H,1,0,H,13,10,4,4,12,12,4,5,2,3,0,0,1.44,4.33,8,1.44,4.33,8,1.4,4.4,7.3,1.4,4.33,8,1.43,4.84,8.58,1.44,4.2,8,1.4,4.6,9,45,1.47,1.41,4.84,4.52,9,8.02,37,1.77,1.72,2.2,2.09,25,-1.5,2.3,2.23,1.72,1.68,1.56,4.15,7.32
I1,07/02/16,Sassuolo,Palermo,2,2,D,1,1,D,23,7,6,2,21,23,7,3,3,0,0,1,1.85,3.5,4.5,1.83,3.4,4.75,1.9,3.45,3.8,1.8,3.4,4.5,1.83,3.62,5.1,1.85,3.4,4.5,1.8,3.4,5.2,45,1.9,1.81,3.65,3.47,5.2,4.67,36,2.19,2.11,1.76,1.7,24,-0.5,1.84,1.81,2.12,2.07,1.68,3.83,6.14
I1,07/02/16,Torino,Chievo,1,2,A,1,1,D,12,8,4,3,25,18,6,2,3,3,0,0,1.67,3.75,5.75,1.75,3.6,5,1.75,3.5,4.5,1.7,3.5,5.5,1.72,3.69,5.9,1.75,3.5,5,1.75,3.5,5.5,45,1.8,1.72,3.75,3.55,5.9,5.3,37,2.28,2.19,1.71,1.65,25,-0.75,1.96,1.93,1.99,1.93,1.64,3.71,7.06
I1,07/02/16,Verona,Inter,3,3,D,2,1,H,10,15,4,7,20,12,7,10,3,2,0,0,4.33,3.75,1.83,4.33,3.5,1.87,4,3.45,1.85,4.2,3.4,1.85,4.31,3.62,1.95,4.33,3.3,1.91,4.75,3.4,1.87,45,4.75,4.27,3.75,3.48,1.97,1.88,38,2.17,2.06,1.83,1.74,24,0.5,2.03,1.98,1.95,1.89,4.63,3.6,1.9
I1,11/02/16,Lazio,Verona,5,2,H,1,0,H,18,8,7,4,8,8,9,3,1,0,0,0,1.5,4.33,6,1.5,4.2,7,1.6,3.7,5.4,1.5,4,6.5,1.54,4.37,7.09,1.53,4,6.5,1.5,4.33,6.5,46,1.6,1.51,4.37,4.16,7.37,6.61,40,1.92,1.81,2.06,1.97,30,-1,1.9,1.85,2.07,1.99,1.45,4.6,8.8
I1,12/02/16,Carpi,Roma,1,3,A,0,0,D,7,19,2,6,14,8,4,6,5,0,0,0,4.33,3.6,1.83,4.4,3.5,1.85,4,3.45,1.85,4.2,3.4,1.85,4.67,3.59,1.89,4.33,3.5,1.85,4.75,3.5,1.83,46,4.76,4.47,3.6,3.47,1.92,1.85,39,2.23,2.12,1.76,1.7,28,0.5,2.08,2.01,1.89,1.85,4.39,3.48,1.98
I1,13/02/16,Chievo,Sassuolo,1,1,D,1,1,D,11,16,4,2,16,14,5,7,3,2,0,0,2.7,3,2.9,2.65,3.1,2.85,2.5,3,2.9,2.6,3,2.9,2.77,3.1,2.97,2.7,3,2.8,2.8,3,2.9,44,2.8,2.65,3.26,3.05,3.04,2.87,36,2.48,2.31,1.65,1.59,27,0,1.9,1.85,2.06,2,3.57,3.05,2.4
I1,13/02/16,Empoli,Frosinone,1,2,A,0,1,A,29,10,6,2,11,25,16,1,2,6,0,0,1.53,4.2,6,1.57,3.9,6.25,1.65,3.7,4.9,1.55,4,6,1.6,4.24,6.35,1.57,3.8,6,1.57,4,6.5,46,1.65,1.56,4.31,4.04,6.75,6.03,38,1.8,1.74,2.16,2.06,31,-1,2,1.95,1.95,1.9,1.48,4.56,8.13
I1,13/02/16,Juventus,Napoli,1,0,H,0,0,D,13,7,4,1,10,13,4,3,2,2,0,0,2.05,3.3,3.8,2.2,3.1,3.6,1.9,3.45,3.8,2.1,3.2,3.6,2.2,3.27,3.85,2.25,3,3.5,2.15,3.13,3.9,45,2.25,2.15,3.45,3.21,3.92,3.64,38,2.28,2.17,1.74,1.67,27,-0.25,1.88,1.83,2.09,2.03,2.19,3.14,4.08
I1,14/02/16,Fiorentina,Inter,2,1,H,0,1,A,13,6,8,1,13,14,7,4,2,5,1,2,2.25,3.2,3.4,2.3,3.25,3.25,2.2,3.2,3.2,2.2,3.1,3.4,2.29,3.36,3.5,2.3,3.1,3.3,2.25,3.2,3.5,45,2.35,2.25,3.49,3.24,3.52,3.33,38,2.15,2.06,1.8,1.74,28,-0.25,1.96,1.92,2,1.93,2.23,3.28,3.74
I1,14/02/16,Milan,Genoa,2,1,H,1,0,H,14,7,6,2,14,15,5,3,1,1,0,0,1.62,3.8,6,1.7,3.8,5,1.7,3.6,4.7,1.67,3.6,5.25,1.65,3.96,6.2,1.67,3.5,5.5,1.65,3.75,6.25,45,1.7,1.66,4,3.74,6.5,5.51,38,2.07,1.99,1.86,1.81,28,-0.75,1.92,1.84,2.1,2.02,1.6,3.86,7.45
I1,14/02/16,Palermo,Torino,1,3,A,1,2,A,18,20,5,8,12,22,9,3,1,2,0,0,3.2,3.2,2.38,3.1,3.2,2.4,2.8,3.1,2.5,3,3.2,2.4,3.17,3.3,2.46,3.1,3.1,2.4,3.25,3.13,2.45,45,3.25,3.05,3.42,3.2,2.54,2.42,38,2.25,2.13,1.76,1.7,28,0.25,1.86,1.81,2.12,2.05,3.84,3.26,2.21
I1,14/02/16,Sampdoria,Atalanta,0,0,D,0,0,D,10,9,2,2,10,15,7,6,2,4,0,0,2.1,3.25,3.75,2.15,3.25,3.6,2,3.3,3.6,2.1,3.25,3.6,2.21,3.38,3.68,2.2,3.1,3.5,2.15,3.2,3.8,45,2.21,2.13,3.52,3.27,3.8,3.58,37,2.2,2.12,1.81,1.71,28,-0.25,1.89,1.84,2.06,2.02,2.21,3.26,3.82
I1,14/02/16,Udinese,Bologna,0,1,A,0,0,D,10,11,2,2,15,11,8,6,0,1,0,0,2.1,3.2,3.8,2.1,3.2,3.9,2,3.3,3.6,2.05,3.2,3.8,2.18,3.28,3.89,2.2,3,3.75,2.15,3.1,4,45,2.21,2.11,3.4,3.21,4.33,3.73,38,2.42,2.29,1.66,1.61,27,-0.25,1.86,1.82,2.12,2.05,2.02,3.27,4.54
I1,19/02/16,Bologna,Juventus,0,0,D,0,0,D,8,10,1,0,15,11,1,8,2,2,0,0,7.5,3.6,1.57,7,3.5,1.6,6.1,4,1.5,6.5,3.4,1.62,7.7,3.72,1.61,6.5,3.5,1.62,7.5,3.7,1.57,46,7.73,7.01,4,3.55,1.67,1.6,38,2.52,2.4,1.62,1.56,30,1,1.8,1.76,2.2,2.12,7.93,3.74,1.6
I1,20/02/16,Inter,Sampdoria,3,1,H,1,0,H,6,19,3,3,16,11,7,7,3,2,0,0,1.55,4,6.5,1.57,4.1,6,1.55,3.9,5.6,1.57,4,5.75,1.58,4.33,6.39,1.6,3.75,6,1.6,3.8,6.5,46,1.6,1.56,4.36,4.01,6.75,6.1,39,1.9,1.81,2.08,1.98,32,-1,2.01,1.96,1.95,1.89,1.56,4.32,6.72
I1,20/02/16,Verona,Chievo,3,1,H,1,0,H,20,14,8,2,13,21,8,3,1,3,1,1,2.38,3.2,3.2,2.4,3.2,3.1,2.3,3.2,3,2.38,3.1,3.1,2.43,3.3,3.27,2.38,3.1,2.88,2.4,3.13,3.3,46,2.45,2.38,3.38,3.19,3.36,3.12,38,2.25,2.15,1.76,1.69,30,-0.25,2.1,2.04,1.88,1.83,2.61,3.14,3.14
I1,21/02/16,Atalanta,Fiorentina,2,3,A,0,0,D,13,15,5,8,13,13,4,2,3,2,1,0,3.75,3.3,2.1,3.7,3.25,2.1,3.5,3.3,2.05,3.5,3.3,2.1,3.81,3.41,2.15,3.8,3.1,2.1,3.9,3.13,2.15,45,3.9,3.68,3.41,3.24,2.19,2.11,37,2.28,2.17,1.74,1.67,29,0.25,2.09,2.04,1.85,1.82,3.59,3.32,2.27
I1,21/02/16,Frosinone,Lazio,0,0,D,0,0,D,8,18,1,2,13,12,6,6,2,0,0,0,5.5,3.6,1.7,5,3.7,1.72,4.2,3.5,1.8,4.75,3.6,1.7,5.48,3.85,1.73,5,3.5,1.75,5.4,3.75,1.7,44,5.5,4.99,3.85,3.68,1.8,1.72,37,1.95,1.84,2.05,1.94,29,0.75,1.99,1.93,1.98,1.93,8.07,4.59,1.47
I1,21/02/16,Genoa,Udinese,2,1,H,0,1,A,21,13,8,6,14,13,3,3,3,3,0,0,1.95,3.3,4.2,2.05,3.25,4,2.2,3.1,3.3,2,3.25,3.8,2.04,3.41,4.23,2.1,3.1,3.8,2,3.25,4.33,45,2.2,2.02,3.41,3.24,4.33,3.96,37,2.35,2.24,1.73,1.63,28,-0.25,1.76,1.73,2.24,2.17,2.11,3.28,4.18
I1,21/02/16,Roma,Palermo,5,0,H,1,0,H,25,4,5,1,17,10,6,3,0,1,0,0,1.29,5.5,10.5,1.34,5,9.75,1.35,4.8,7.6,1.33,5,9.5,1.34,5.35,11.2,1.33,5,9,1.3,5.5,11,45,1.36,1.32,5.5,5.03,11.2,9.85,36,1.74,1.66,2.32,2.19,30,-1.5,2.08,2.01,1.9,1.85,1.3,6.12,11.72
I1,21/02/16,Sassuolo,Empoli,3,2,H,1,1,D,13,10,7,4,17,13,8,5,1,1,1,1,2,3.2,4.2,2,3.2,4.2,2.2,3.1,3.3,2,3.1,4,2.09,3.26,4.27,2.05,3.1,3.6,2.05,3.2,4.2,45,2.2,2.05,3.39,3.19,4.35,3.93,37,2.3,2.18,1.73,1.66,28,-0.5,2.09,2.05,1.86,1.82,2.11,3.34,4.06
I1,21/02/16,Torino,Carpi,0,0,D,0,0,D,11,5,4,0,22,22,5,3,4,4,0,0,1.53,3.8,6.5,1.57,3.8,6.5,1.6,3.9,5,1.6,3.6,6,1.62,3.99,6.63,1.6,3.5,5.5,1.57,3.9,7,45,1.63,1.59,4,3.78,7,6.22,37,2.19,2.12,1.77,1.7,31,-1,2.15,2.04,1.87,1.82,1.7,3.71,6.18
I1,22/02/16,Napoli,Milan,1,1,D,1,1,D,19,7,4,2,12,14,6,3,0,2,0,0,1.57,4,6,1.57,4,6,1.65,3.6,5.1,1.6,3.8,5.75,1.58,4.24,6.57,1.62,3.6,6,1.57,4,6.5,44,1.65,1.58,4.24,3.94,6.61,5.97,36,1.8,1.74,2.16,2.07,30,-1,2.05,2,1.91,1.85,1.57,4.04,7.4
I1,27/02/16,Empoli,Roma,1,3,A,1,2,A,8,15,3,6,12,15,4,4,1,2,1,0,4.5,3.5,1.8,4.75,3.4,1.83,4.2,3.5,1.8,4.33,3.5,1.83,4.71,3.72,1.85,4.5,3.4,1.85,4.8,3.4,1.85,46,4.8,4.43,3.72,3.5,1.9,1.84,41,2.06,1.98,1.87,1.8,29,0.75,1.83,1.77,2.16,2.11,3.91,3.32,2.16
I1,27/02/16,Milan,Torino,1,0,H,1,0,H,19,11,3,4,9,12,5,6,2,1,0,0,1.73,3.5,5,1.75,3.7,4.75,1.7,3.5,4.9,1.75,3.5,4.75,1.83,3.61,5.12,1.75,3.6,4.75,1.75,3.5,5.4,48,1.83,1.76,3.7,3.53,5.45,4.88,40,2.14,2.07,1.82,1.74,31,-0.75,2.08,2.01,1.88,1.85,1.97,3.44,4.53
I1,28/02/16,Carpi,Atalanta,1,1,D,0,0,D,10,12,4,5,26,25,6,2,3,3,0,0,2.3,3.1,3.3,2.35,3.1,3.3,2.4,3.2,2.85,2.38,3,3.25,2.51,3.2,3.23,2.38,3,3.25,2.45,3,3.4,46,2.51,2.39,3.2,3.08,3.4,3.18,34,2.55,2.38,1.6,1.55,29,-0.25,2.13,2.04,1.85,1.82,2.69,3.13,3.03
I1,28/02/16,Chievo,Genoa,1,0,H,0,0,D,16,11,6,4,9,16,5,7,2,3,0,0,3,3,2.5,3.25,3,2.45,2.75,3.2,2.5,3.1,3,2.4,3.31,3.12,2.52,3,3.1,2.45,3.25,3,2.5,46,3.31,3.12,3.2,3.04,2.52,2.44,36,2.52,2.4,1.62,1.55,29,0.25,1.83,1.79,2.14,2.08,3.09,3.07,2.7
I1,28/02/16,Juventus,Inter,2,0,H,0,0,D,9,8,6,3,12,17,3,3,3,1,0,0,1.57,3.8,6,1.6,3.6,6.75,1.55,3.9,5.6,1.55,3.8,6.5,1.57,4.09,7.07,1.6,3.75,6,1.55,3.8,7.5,46,1.62,1.56,4.09,3.8,7.5,6.52,38,2.31,2.18,1.75,1.66,31,-1,2.12,2.01,1.89,1.84,1.55,3.78,8.92
I1,28/02/16,Palermo,Bologna,0,0,D,0,0,D,7,17,4,5,15,12,7,4,3,1,0,0,2.63,3.2,2.7,2.8,3,2.8,2.4,3.2,2.85,2.75,3.1,2.62,2.83,3.26,2.78,2.75,3.2,2.62,2.8,3.1,2.75,46,2.83,2.72,3.26,3.14,2.85,2.7,39,2.3,2.17,1.74,1.67,28,-0.25,2.43,2.33,1.68,1.63,3.04,3.33,2.56
I1,28/02/16,Sampdoria,Frosinone,2,0,H,1,0,H,25,15,6,1,15,16,12,10,5,2,0,0,1.62,3.75,5.5,1.62,3.7,6,1.75,3.5,4.5,1.62,4,5.25,1.66,4.18,5.62,1.65,4,5,1.62,4,5.75,46,1.75,1.63,4.18,3.91,6,5.36,39,1.78,1.7,2.21,2.12,30,-1,2.17,2.1,1.81,1.77,1.55,4.18,7.38
I1,28/02/16,Udinese,Verona,2,0,H,1,0,H,13,10,4,2,15,18,7,4,1,3,0,0,1.95,3.5,3.8,2.1,3.3,3.75,1.9,3.45,3.8,2,3.3,3.75,2.09,3.51,3.89,2,3.4,3.8,2.05,3.3,4,46,2.1,2.04,3.6,3.39,4.1,3.71,38,2.05,1.97,1.92,1.81,28,-0.25,1.82,1.78,2.17,2.09,1.93,3.74,4.29
I1,29/02/16,Fiorentina,Napoli,1,1,D,1,1,D,11,6,1,5,8,16,5,3,0,1,0,0,3.2,3.3,2.25,3,3.3,2.4,2.85,3.2,2.4,3.1,3.2,2.3,3.37,3.31,2.37,2.9,3.4,2.38,3.3,3.2,2.38,44,3.37,3.14,3.4,3.24,2.45,2.33,37,2.18,2.04,1.85,1.75,27,0.25,1.9,1.85,2.08,2,3.69,3.37,2.21
I1,29/02/16,Lazio,Sassuolo,0,2,A,0,1,A,15,8,3,6,15,20,6,3,1,2,0,0,1.65,3.75,5.25,1.75,3.6,5,1.75,3.5,4.5,1.73,3.4,5.25,1.74,3.72,5.69,1.75,3.6,4.8,1.67,3.6,6,46,1.76,1.72,3.75,3.58,6,5.17,39,2.17,2.08,1.79,1.73,30,-1,2.45,2.33,1.7,1.63,1.77,3.65,5.53
I1,04/03/16,Roma,Fiorentina,4,1,H,3,1,H,14,11,7,1,19,18,5,4,3,3,0,0,2.05,3.4,3.75,2.05,3.4,3.7,2.1,3.3,3.3,2.1,3.2,3.6,2.11,3.45,3.89,2.1,3.3,3.6,2.1,3.25,3.9,45,2.14,2.08,3.44,3.31,4,3.73,39,2.13,2.05,1.89,1.75,28,-0.25,1.85,1.8,2.16,2.07,2.11,3.35,4.05
I1,05/03/16,Napoli,Chievo,3,1,H,2,1,H,25,8,10,2,6,13,7,2,0,3,0,0,1.17,7.5,17,1.15,7,16.5,1.2,5.8,13,1.18,7,19,1.2,7.51,19.21,1.2,6,17,,,,46,1.2,1.17,7.63,7.06,29,17.52,33,1.59,1.55,2.52,2.39,30,-2,1.96,1.92,1.99,1.94,1.21,7.2,18.5
I1,05/03/16,Verona,Sampdoria,0,3,A,0,3,A,11,14,4,8,12,14,6,4,2,3,0,0,2.5,3.3,2.9,2.5,3.25,2.75,2.5,3.3,2.65,2.4,3.3,2.9,2.48,3.51,3.01,2.5,3.2,2.9,2.45,3.4,3,46,2.52,2.44,3.51,3.37,3.01,2.88,39,1.9,1.81,2.07,1.97,27,-0.25,2.16,2.1,1.82,1.78,2.59,3.43,2.92
I1,06/03/16,Atalanta,Juventus,0,2,A,0,1,A,13,9,3,5,18,13,7,4,3,2,0,0,7.5,3.8,1.53,6.75,3.9,1.5,7,4,1.45,7,3.8,1.55,7.64,3.99,1.56,7,3.75,1.53,8.5,3.8,1.53,45,8.5,7.27,4,3.85,1.56,1.52,38,2.38,2.27,1.7,1.62,30,1,1.95,1.9,2.02,1.96,10.5,4.17,1.46
I1,06/03/16,Bologna,Carpi,0,0,D,0,0,D,17,6,4,2,17,17,12,4,1,3,0,0,1.95,3.2,4.5,1.9,3.25,4.25,1.85,3.45,4,1.85,3.2,4.5,1.98,3.32,4.67,1.95,3.1,4.5,1.93,3.2,4.75,45,1.99,1.93,3.45,3.24,5,4.38,36,2.53,2.36,1.62,1.56,27,-0.5,1.99,1.94,1.98,1.92,2.1,3.2,4.34
I1,06/03/16,Frosinone,Udinese,2,0,H,1,0,H,23,6,4,2,16,11,5,4,2,3,0,0,3.4,3.3,2.2,3.2,3.25,2.2,2.9,3.3,2.3,3.4,3.25,2.15,3.6,3.37,2.24,3.3,3.2,2.25,3.5,3.25,2.25,45,3.6,3.38,3.44,3.28,2.3,2.19,38,2.03,1.96,1.89,1.83,28,0.25,2.02,1.96,1.95,1.9,3.8,3.54,2.11
I1,06/03/16,Genoa,Empoli,1,0,H,0,0,D,15,10,5,2,18,18,5,1,1,4,0,0,2,3.3,4,2,3.3,3.8,2,3.3,3.6,1.95,3.2,4.2,2.05,3.43,4.15,2,3.2,4,2,3.25,4.33,45,2.05,2,3.43,3.29,4.33,3.98,38,2.36,2.23,1.7,1.63,27,-0.25,1.75,1.71,2.28,2.19,2.08,3.32,4.2
I1,06/03/16,Inter,Palermo,3,1,H,2,1,H,10,9,5,4,13,12,8,5,1,1,0,0,1.29,5.5,11,1.28,5.5,9.75,1.3,5,9,1.29,5.5,11,1.3,5.98,12.15,1.3,5,11,1.25,6,13,45,1.33,1.28,6,5.56,13,10.8,33,1.57,1.52,2.57,2.44,30,-1.5,1.88,1.83,2.07,2.03,1.4,5.3,8.47
I1,06/03/16,Sassuolo,Milan,2,0,H,1,0,H,16,13,4,5,17,11,4,9,1,2,1,0,3,3.25,2.45,3.2,3.2,2.25,3,3.2,2.3,3,3.2,2.38,3.14,3.3,2.51,3.1,3.1,2.4,3.2,3.1,2.45,45,3.25,3.06,3.3,3.21,2.51,2.39,38,2.28,2.17,1.75,1.67,28,0.25,1.85,1.81,2.15,2.07,2.93,3.39,2.6
I1,06/03/16,Torino,Lazio,1,1,D,1,0,H,13,12,4,5,19,18,3,4,3,2,0,0,2.3,3.1,3.4,2.35,3.1,3.1,2.5,3.1,2.8,2.3,3.1,3.2,2.36,3.29,3.41,2.4,3,3.2,2.38,3.1,3.4,45,2.5,2.33,3.29,3.16,3.41,3.22,37,2.35,2.26,1.69,1.62,28,-0.25,2.07,2,1.92,1.87,2.56,3.19,3.16
I1,11/03/16,Juventus,Sassuolo,1,0,H,1,0,H,16,7,7,2,12,15,7,2,0,3,0,0,1.3,5,12,1.33,4.75,11,1.37,4.6,7.5,1.35,4.5,11,1.35,5.14,11.94,1.36,4.4,10,1.33,4.8,12,46,1.37,1.33,5.14,4.78,12.94,11,40,2.1,2.02,1.87,1.78,30,-1.5,2.16,2.08,1.83,1.78,1.34,4.99,13.4
I1,12/03/16,Empoli,Sampdoria,1,1,D,0,1,A,15,13,5,5,16,16,7,2,2,3,0,0,2.2,3.25,3.5,2.2,3.1,3.6,2.3,3.1,3.1,2.15,3.1,3.6,2.25,3.25,3.72,2.2,3.3,3.3,2.15,3.25,3.7,45,2.3,2.18,3.3,3.22,3.8,3.51,38,2.1,2.01,1.88,1.79,28,-0.25,1.91,1.87,2.05,1.99,2.36,3.25,3.47
I1,12/03/16,Inter,Bologna,2,1,H,0,0,D,17,6,3,1,14,12,13,3,2,0,0,0,1.55,4,6.5,1.53,4.1,6.5,1.5,4,6.1,1.57,3.8,6.5,1.57,4.1,7.06,1.6,3.75,6,1.53,3.9,7.5,45,1.6,1.55,4.12,3.9,7.5,6.57,39,2.12,2.03,1.83,1.77,30,-1,2.06,2,1.91,1.86,1.62,3.97,6.62
I1,13/03/16,Carpi,Frosinone,2,1,H,1,0,H,12,13,3,4,18,12,3,5,3,3,0,0,1.95,3.3,4.33,1.95,3.25,4.4,2,3.3,3.6,1.91,3.3,4.2,1.93,3.46,4.7,1.95,3.4,4,1.91,3.3,4.75,45,2,1.92,3.5,3.35,4.75,4.29,37,2.3,2.16,1.73,1.68,26,-0.5,1.97,1.92,2,1.94,1.88,3.63,4.68
I1,13/03/16,Chievo,Milan,0,0,D,0,0,D,20,10,5,1,18,15,7,3,4,3,0,0,4,3.25,2.05,4.1,3.4,1.95,3.6,3.3,2,3.75,3.25,2.05,4.02,3.36,2.11,3.8,3.25,2.05,4.1,3.2,2.05,45,4.33,3.89,3.4,3.25,2.11,2.04,37,2.29,2.2,1.7,1.66,26,0.25,2.2,2.12,1.8,1.76,4.35,3.35,2.03
I1,13/03/16,Fiorentina,Verona,1,1,D,1,0,H,10,12,4,4,12,15,9,3,2,1,0,0,1.3,5.25,11,1.3,5.25,10.5,1.3,5,9,1.3,5,11,1.33,5.45,11.71,1.33,5,9,1.29,5.5,12,45,1.36,1.3,5.5,5.19,12,10.36,37,1.68,1.63,2.36,2.24,29,-1.5,1.98,1.93,1.97,1.92,1.45,4.78,8.23
I1,13/03/16,Genoa,Torino,3,2,H,2,2,D,13,9,6,5,10,20,9,3,1,5,0,0,2.6,3,3,2.6,3.1,2.9,2.6,3,2.75,2.5,3,2.9,2.72,3.09,3.04,2.4,3.1,3.1,2.7,3,3,45,2.72,2.58,3.18,3.04,3.1,2.94,37,2.37,2.26,1.67,1.62,26,0,1.88,1.82,2.1,2.03,2.74,3.04,3.07
I1,13/03/16,Lazio,Atalanta,2,0,H,0,0,D,5,11,2,1,13,23,4,8,2,4,0,0,1.62,3.75,6,1.67,3.5,6,1.65,3.6,5.1,1.62,3.6,6,1.67,3.76,6.47,1.6,3.75,6,1.62,3.7,6.5,40,1.67,1.62,3.8,3.66,6.5,6.05,33,2.23,2.12,1.76,1.7,25,-1,2.24,2.14,1.78,1.73,1.94,3.38,4.77
I1,13/03/16,Palermo,Napoli,0,1,A,0,1,A,5,18,1,7,12,9,4,9,2,2,0,0,11,5.25,1.3,10,5.5,1.3,7.6,4.8,1.35,9,5.25,1.3,12.72,5.74,1.3,9,5,1.33,11,5.5,1.3,45,12.72,10.22,5.75,5.38,1.35,1.3,32,1.56,1.51,2.65,2.49,29,1.5,2.05,1.98,1.95,1.87,10.56,5.93,1.32
I1,13/03/16,Udinese,Roma,1,2,A,0,1,A,10,15,3,7,16,16,3,6,2,3,0,0,4.5,3.5,1.85,4.6,3.4,1.85,4.2,3.5,1.8,4.33,3.5,1.85,4.64,3.62,1.89,4.33,3.5,1.85,4.75,3.4,1.87,45,4.75,4.37,3.62,3.46,1.95,1.86,37,2.11,2.02,1.84,1.77,26,0.75,1.8,1.74,2.21,2.14,4.57,3.59,1.92
I1,19/03/16,Empoli,Palermo,0,0,D,0,0,D,11,13,3,2,15,18,8,6,1,2,0,0,1.7,3.75,5,1.72,3.7,4.6,1.8,3.5,4.2,1.7,3.6,5.25,1.71,3.86,5.63,1.73,3.5,5,1.67,3.8,5.5,45,1.8,1.7,3.86,3.67,5.63,5.19,39,1.97,1.88,1.99,1.9,29,-0.75,1.98,1.9,2.03,1.96,1.71,3.84,5.67
I1,19/03/16,Roma,Inter,1,1,D,0,0,D,16,6,6,2,15,14,8,2,2,2,0,0,1.73,3.75,5,1.7,3.5,5,1.8,3.5,4.2,1.67,3.6,5.25,1.71,3.86,5.68,1.75,3.5,5,1.75,3.5,5.4,45,1.8,1.7,3.86,3.69,5.68,5.14,40,1.98,1.91,1.98,1.87,29,-0.75,1.96,1.91,2.01,1.95,1.84,3.64,4.94
I1,20/03/16,Atalanta,Bologna,2,0,H,2,0,H,14,9,7,2,15,16,6,9,1,2,0,2,2.2,3,3.8,2.2,3,3.5,2.1,3.1,3.5,2.2,3,3.6,2.23,3.26,3.78,2.25,3,3.5,2.25,3,3.8,40,2.25,2.2,3.26,3.12,3.8,3.56,29,2.55,2.44,1.59,1.53,26,-0.25,1.92,1.88,2.03,1.98,2.16,3.15,4.19
I1,20/03/16,Frosinone,Fiorentina,0,0,D,0,0,D,12,22,4,6,22,10,4,4,3,4,0,0,7,4,1.53,6.25,3.9,1.53,5.5,4,1.55,6,4.33,1.5,6.99,4.31,1.55,6,3.8,1.57,6.5,4.2,1.53,45,7,6.37,4.33,4.08,1.57,1.53,39,1.75,1.69,2.25,2.14,31,1,1.99,1.94,1.98,1.91,6.87,3.93,1.61
I1,20/03/16,Milan,Lazio,1,1,D,1,1,D,20,9,4,2,9,24,12,5,1,1,0,1,2,3.3,4,2,3.25,3.75,2,3.3,3.6,2,3.3,3.8,1.99,3.5,4.33,2,3.2,4,1.95,3.3,4.4,45,2,1.96,3.5,3.35,4.5,4.06,39,2.31,2.17,1.74,1.67,28,-0.5,1.99,1.95,1.96,1.91,2.02,3.44,4.27
I1,20/03/16,Napoli,Genoa,3,1,H,0,1,A,22,9,11,2,8,11,11,1,3,2,0,0,1.29,5.5,11,1.28,4.75,12.5,1.25,5.5,10.3,1.29,5.5,11,1.29,6.04,12.79,1.3,5,11,1.25,6,13,45,1.31,1.27,6.07,5.59,13,11.21,33,1.61,1.56,2.5,2.36,31,-1.5,1.9,1.85,2.08,2.01,1.27,6.33,13.73
I1,20/03/16,Sampdoria,Chievo,0,1,A,0,1,A,16,12,7,6,19,18,5,7,4,3,0,0,1.91,3.3,4.5,1.85,3.3,4.4,1.9,3.3,4,1.85,3.4,4.2,1.93,3.58,4.46,1.95,3.1,4.5,1.87,3.4,4.75,45,1.95,1.88,3.58,3.43,4.75,4.29,39,2.11,2.04,1.87,1.76,28,-0.5,1.92,1.88,2.04,1.98,1.83,3.5,5.29
I1,20/03/16,Sassuolo,Udinese,1,1,D,0,1,A,13,8,1,3,12,23,3,3,2,4,0,0,1.91,3.4,4.33,1.87,3.3,4.33,1.9,3.3,4,1.85,3.4,4.33,1.93,3.62,4.46,1.91,3.3,4.33,1.87,3.4,4.8,45,1.93,1.88,3.62,3.42,4.8,4.31,39,2.21,2.14,1.79,1.69,28,-0.5,1.92,1.87,2.03,1.99,2.02,3.49,4.2
I1,20/03/16,Torino,Juventus,1,4,A,0,2,A,10,14,6,7,26,19,2,3,4,3,0,1,4.75,3.1,1.95,4.25,3.4,1.85,4.4,3.4,1.8,4.33,3.3,1.91,4.7,3.41,1.94,4.5,3.1,1.95,4.8,3.13,1.95,45,4.8,4.46,3.41,3.29,1.96,1.91,39,2.52,2.37,1.62,1.57,28,0.5,2.03,1.97,1.95,1.9,5.72,3.37,1.83
I1,20/03/16,Verona,Carpi,1,2,A,0,1,A,8,11,3,5,22,15,9,6,1,3,1,0,2.15,3.25,3.6,2.15,3.1,3.5,2.3,3.2,3,2.1,3.3,3.5,2.15,3.46,3.77,2.2,3.3,3.3,2.15,3.2,3.8,45,2.3,2.14,3.46,3.28,3.8,3.53,38,2.2,2.14,1.78,1.69,29,-0.25,1.9,1.84,2.09,2.02,2.09,3.46,3.97
I1,02/04/16,Carpi,Sassuolo,1,3,A,1,2,A,11,9,1,7,10,19,7,5,3,3,0,0,3.1,3.1,2.5,3,3,2.45,2.6,3.2,2.6,2.9,3,2.5,3.12,3.19,2.59,2.9,3,2.62,3,3.13,2.6,44,3.13,2.99,3.19,3.07,2.62,2.53,34,2.6,2.44,1.59,1.53,28,0.25,1.77,1.74,2.22,2.15,3.29,3.23,2.46
I1,02/04/16,Juventus,Empoli,1,0,H,1,0,H,19,9,9,3,20,14,7,4,2,2,0,0,1.3,5,12,1.3,5,10,1.2,5.8,13,1.3,5,11,1.31,5.47,13.46,1.3,4.8,13,1.29,5.4,13,44,1.33,1.29,5.8,5.16,14.07,11.75,40,1.95,1.87,2.01,1.91,31,-1.5,2.05,1.99,1.9,1.86,1.29,5.6,15.33
I1,03/04/16,Atalanta,Milan,2,1,H,1,1,D,10,12,4,3,22,13,8,7,1,3,0,0,3.3,3.3,2.25,3.2,3.1,2.3,3.2,3.2,2.2,3.25,3.2,2.3,3.44,3.28,2.35,3.3,3.1,2.3,3.4,3.1,2.38,44,3.44,3.25,3.3,3.19,2.41,2.31,38,2.34,2.22,1.72,1.65,29,0.25,1.92,1.88,2.03,1.98,3.44,3.29,2.34
I1,03/04/16,Chievo,Palermo,3,1,H,1,1,D,9,14,4,4,22,16,0,2,2,3,0,0,2.1,3.4,3.6,2.1,3.2,3.6,2.3,3.2,3,2.1,3.1,3.6,2.19,3.31,3.82,2.2,3.2,3.4,2.15,3.2,3.8,44,2.3,2.13,3.4,3.25,4,3.59,39,2.24,2.15,1.75,1.69,29,-0.25,1.88,1.84,2.09,2.02,2.33,3.31,3.46
I1,03/04/16,Fiorentina,Sampdoria,1,1,D,1,1,D,20,8,8,4,9,19,10,3,1,2,0,1,1.62,3.8,6,1.6,3.8,5.5,1.6,3.7,5.4,1.62,4,5.25,1.61,4.32,5.9,1.62,3.8,5.5,1.57,4,6.5,45,1.62,1.6,4.36,3.97,6.5,5.64,39,1.86,1.79,2.11,2.01,30,-1,2.13,2.06,1.85,1.8,1.68,3.95,5.88
I1,03/04/16,Genoa,Frosinone,4,0,H,1,0,H,21,9,9,2,18,13,11,4,1,4,0,0,1.53,4,6.5,1.5,4,6.5,1.55,3.9,5.6,1.55,4,6,1.57,4.26,6.73,1.57,3.6,7,1.53,4.1,7,44,1.57,1.53,4.26,4,7,6.52,40,1.92,1.85,2.04,1.95,31,-1,2,1.94,1.96,1.92,1.57,4.06,7.19
I1,03/04/16,Inter,Torino,1,2,A,1,0,H,10,12,2,3,13,13,9,2,1,5,2,0,1.8,3.75,4.33,1.75,3.5,4.6,1.7,3.6,4.7,1.75,3.4,4.75,1.82,3.67,5.05,1.83,3.4,4.5,1.8,3.5,5,44,1.83,1.78,3.75,3.54,5.22,4.73,39,2.06,1.98,1.89,1.81,29,-0.75,2.09,2.03,1.87,1.83,1.76,3.71,5.53
I1,03/04/16,Lazio,Roma,1,4,A,0,1,A,18,17,3,6,14,9,10,5,4,2,1,0,3.3,3.4,2.2,3.4,3.25,2.15,3.2,3.2,2.2,3.5,3.3,2.1,3.69,3.48,2.17,3.4,3.2,2.2,3.75,3.25,2.15,44,3.75,3.47,3.48,3.33,2.2,2.14,38,2.14,2.06,1.8,1.75,29,0.25,2.08,2.02,1.87,1.84,3.98,3.43,2.09
I1,03/04/16,Udinese,Napoli,3,1,H,2,1,H,11,11,6,2,22,16,2,6,4,4,0,1,6.5,4.33,1.5,7,4.25,1.44,7,4,1.45,6,4.2,1.5,7.35,4.54,1.51,6.5,4,1.53,7,4.33,1.5,44,7.35,6.77,4.6,4.28,1.53,1.49,38,1.81,1.74,2.17,2.07,31,1,2.07,2.03,1.88,1.83,7.37,4.42,1.52
I1,04/04/16,Bologna,Verona,0,1,A,0,1,A,9,4,1,1,17,14,10,7,3,1,0,0,1.85,3.5,4.5,1.83,3.4,4.4,2,3.3,3.6,1.85,3.3,4.5,1.93,3.55,4.58,1.85,3.4,4.5,1.87,3.5,4.5,43,2,1.86,3.65,3.46,4.58,4.36,38,2.19,2.11,1.79,1.71,28,-0.75,2.22,2.11,1.8,1.75,1.86,3.53,4.99
I1,09/04/16,Chievo,Carpi,1,0,H,0,0,D,17,12,3,3,15,15,10,6,2,3,0,0,2,3.2,4,2.1,3.2,3.6,2.3,3.1,3.1,2.05,3.1,3.8,2.16,3.3,3.95,2.1,3.1,3.8,2.1,3.2,3.9,47,2.3,2.09,3.32,3.2,4,3.75,38,2.46,2.36,1.63,1.57,28,-0.75,2.57,2.43,1.63,1.58,2.19,3.26,3.89
I1,09/04/16,Frosinone,Inter,0,1,A,0,0,D,15,20,2,3,19,14,4,6,5,2,1,0,6,3.75,1.57,5.75,3.8,1.57,5.5,4,1.55,5.25,3.8,1.62,6.19,4.16,1.62,5,4,1.65,6.5,4,1.57,47,6.5,5.73,4.16,3.93,1.67,1.59,40,1.87,1.78,2.11,2.02,30,0.75,2.17,2.09,1.83,1.77,6.16,3.96,1.65
I1,09/04/16,Milan,Juventus,1,2,A,1,1,D,11,9,5,4,20,21,2,2,4,3,0,0,4,3.1,2.05,3.75,3.25,2,3.6,3.3,2,3.75,3.1,2.1,4.04,3.27,2.14,3.8,3.1,2.1,4,3.1,2.15,48,4.13,3.82,3.3,3.21,2.2,2.08,38,2.47,2.35,1.63,1.57,28,0.5,1.82,1.79,2.14,2.08,4.06,3.32,2.12
I1,09/04/16,Sassuolo,Genoa,0,1,A,0,1,A,17,9,5,4,13,20,11,2,2,1,0,0,2,3.3,3.8,2.05,3.2,3.7,2.1,3.2,3.4,1.95,3.3,4,2.04,3.42,4.11,2,3.4,3.75,2,3.3,4.2,47,2.1,2.01,3.47,3.35,4.2,3.87,38,2.23,2.09,1.79,1.73,29,-0.5,2.07,2,1.91,1.86,1.86,3.71,4.67
I1,10/04/16,Empoli,Fiorentina,2,0,H,1,0,H,7,22,4,5,17,21,2,6,3,4,0,0,3,3.2,2.4,2.95,3.25,2.35,2.85,3.2,2.4,3,3.1,2.4,3.25,3.3,2.44,2.9,3.25,2.45,3.13,3.2,2.45,46,3.25,3.03,3.3,3.22,2.49,2.41,39,2.14,2.04,1.84,1.76,29,0.25,1.86,1.81,2.11,2.06,3.79,3.4,2.17
I1,10/04/16,Napoli,Verona,3,0,H,2,0,H,19,8,6,1,6,13,7,7,2,2,0,1,1.2,6.5,13,1.22,6.75,10,1.22,5.5,12,1.25,6,12,1.24,6.6,15,1.25,6,11,1.22,6.5,15,46,1.25,1.23,7,6.23,15,12.75,36,1.5,1.45,2.8,2.65,29,-1.5,1.77,1.72,2.25,2.18,1.24,6.8,14.39
I1,10/04/16,Palermo,Lazio,0,3,A,0,2,A,7,18,2,8,13,14,5,7,2,3,0,0,3.4,3.4,2.1,3.4,3.3,2.1,2.9,3.3,2.3,3.5,3.3,2.1,3.66,3.44,2.17,3.3,3.3,2.2,3.7,3.25,2.15,46,3.75,3.49,3.45,3.34,2.3,2.13,38,2.13,2.02,1.84,1.77,29,0.25,2.07,2.01,1.9,1.84,3.62,3.41,2.21
I1,10/04/16,Sampdoria,Udinese,2,0,H,0,0,D,15,16,5,2,13,11,3,12,4,1,0,0,2,3.4,3.75,2,3.3,3.75,2.1,3.1,3.5,2.05,3.2,3.8,2.07,3.36,4.2,2.05,3.4,3.6,2.05,3.25,4.1,46,2.1,2.04,3.4,3.29,4.2,3.84,38,2.13,2.06,1.82,1.74,28,-0.5,2.1,2.03,1.88,1.83,2.18,3.26,3.92
I1,10/04/16,Torino,Atalanta,2,1,H,1,0,H,5,16,3,7,18,19,4,6,2,3,0,1,1.83,3.4,4.5,1.87,3.3,4.25,1.9,3.3,4,1.85,3.3,4.5,1.91,3.49,4.74,1.91,3.3,4.33,1.87,3.4,4.75,47,1.95,1.88,3.49,3.37,4.75,4.43,39,2.25,2.18,1.74,1.67,28,-0.75,2.21,2.14,1.79,1.73,2.01,3.34,4.47
I1,11/04/16,Roma,Bologna,1,1,D,0,1,A,14,7,5,2,15,9,15,3,1,2,0,0,1.33,4.75,10,1.33,4.75,9,1.35,4.8,7.6,1.33,4.75,10,1.32,5.41,12.52,1.36,4.6,9,1.3,5.4,12,45,1.36,1.31,5.41,5.02,12.52,10.51,38,1.92,1.83,2.02,1.95,29,-1.5,2.06,2.01,1.89,1.84,1.32,5.56,12.05
I1,16/04/16,Bologna,Torino,0,1,A,0,0,D,8,6,1,3,14,16,4,3,4,1,0,0,2.8,3.1,2.7,2.75,2.95,2.75,2.75,3,2.65,2.8,3,2.7,2.98,3.09,2.77,2.8,2.9,2.8,2.9,3,2.75,48,2.98,2.83,3.15,3.03,2.8,2.69,40,2.47,2.34,1.63,1.58,28,0,2.03,1.97,1.93,1.87,3.06,3.31,2.56
I1,16/04/16,Carpi,Genoa,4,1,H,2,1,H,15,16,10,3,16,22,3,7,4,1,0,1,2.75,3.1,2.75,2.75,2.9,2.75,2.4,3.2,2.85,2.7,3,2.75,2.85,3.14,2.85,2.8,2.9,2.8,2.8,3.1,2.8,48,2.85,2.71,3.25,3.08,2.85,2.76,39,2.29,2.22,1.7,1.64,28,0,1.97,1.91,1.98,1.93,2.83,3.18,2.83
I1,16/04/16,Inter,Napoli,2,0,H,2,0,H,11,10,4,2,17,11,6,6,4,3,0,0,3,3.2,2.5,2.65,3.3,2.55,2.75,3.2,2.5,2.8,3.1,2.5,2.96,3.35,2.6,2.8,3.1,2.62,3,3.2,2.55,48,3,2.87,3.36,3.21,2.62,2.52,40,2.04,1.96,1.92,1.82,28,0,2.11,2.04,1.85,1.81,3.28,3.32,2.41
I1,17/04/16,Atalanta,Roma,3,3,D,2,2,D,12,17,4,7,13,8,7,6,4,4,0,0,5,3.6,1.75,4.5,3.6,1.75,4.5,3.5,1.75,4.75,3.6,1.75,4.99,3.7,1.82,5,3.5,1.75,5,3.6,1.8,47,5.25,4.86,3.8,3.57,1.82,1.76,39,2.16,2.08,1.79,1.73,29,0.75,1.9,1.85,2.08,2,5.13,3.7,1.8
I1,17/04/16,Fiorentina,Sassuolo,3,1,H,1,0,H,13,9,4,1,16,14,7,6,1,3,0,0,1.85,3.6,4.33,1.75,3.5,4.6,1.8,3.5,4.2,1.8,3.5,4.5,1.85,3.71,4.76,1.83,3.5,4.33,1.83,3.5,4.8,47,1.86,1.82,3.75,3.54,4.8,4.47,39,2.06,1.97,1.91,1.81,28,-0.5,1.86,1.82,2.1,2.04,1.78,3.79,5.14
I1,17/04/16,Juventus,Palermo,4,0,H,1,0,H,16,10,6,4,14,18,9,5,2,3,0,0,1.14,8,21,1.16,7,16,1.15,7,15,1.15,7.5,26,1.15,8.57,29.42,1.14,7.5,21,1.13,8.5,26,47,1.16,1.13,8.57,7.74,30,24.05,35,1.67,1.62,2.39,2.25,28,-2,1.85,1.81,2.13,2.06,1.16,8.12,28.71
I1,17/04/16,Lazio,Empoli,2,0,H,2,0,H,19,6,7,1,10,9,5,2,3,2,0,0,1.73,3.75,5,1.67,3.6,5.25,1.7,3.6,4.7,1.67,3.6,5,1.71,3.94,5.5,1.7,3.5,5,1.67,3.7,5.75,47,1.75,1.69,4,3.71,5.75,5.18,39,1.95,1.88,1.98,1.9,29,-0.75,1.95,1.91,2.01,1.95,1.52,4.52,7.09
I1,17/04/16,Sampdoria,Milan,0,1,A,0,0,D,10,14,3,3,16,14,5,7,3,2,0,0,3,3.3,2.4,3,3.25,2.35,2.85,3.2,2.4,3,3.3,2.3,3.16,3.45,2.42,3.1,3.1,2.4,3.1,3.25,2.45,47,3.16,3.02,3.48,3.3,2.45,2.37,40,2.08,2,1.88,1.79,29,0.25,1.88,1.83,2.08,2.02,3.41,3.49,2.27
I1,17/04/16,Udinese,Chievo,0,0,D,0,0,D,15,5,3,2,17,19,4,2,2,4,1,1,1.95,3.4,4.2,1.9,3.25,4.25,1.9,3.45,3.8,1.85,3.3,4.33,1.96,3.49,4.48,1.95,3.2,4.33,1.93,3.3,4.6,47,2,1.92,3.49,3.35,4.6,4.25,39,2.25,2.19,1.72,1.66,28,-0.5,1.96,1.91,1.99,1.93,2,3.6,4.11
I1,17/04/16,Verona,Frosinone,1,2,A,0,1,A,14,13,4,2,23,22,4,5,3,3,0,0,1.8,3.8,4.33,1.8,3.5,4.4,1.85,3.45,4,1.75,3.6,4.5,1.79,3.92,4.86,1.75,3.5,5,1.75,3.7,5,47,1.85,1.78,4,3.72,5,4.44,38,1.81,1.73,2.17,2.07,28,-1,2.5,2.43,1.65,1.58,1.63,4.37,5.71
I1,19/04/16,Napoli,Bologna,6,0,H,2,0,H,20,5,14,0,8,13,8,3,1,2,0,0,1.22,6,15,1.25,6.25,11.5,1.22,5.5,12,1.25,5.75,13,1.26,6.42,14.02,1.25,5.5,13,1.22,6.5,15,46,1.27,1.24,6.5,6.02,15,13.01,35,1.62,1.56,2.47,2.37,27,-1.5,1.81,1.75,2.2,2.12,1.27,6.31,13.36
I1,20/04/16,Chievo,Frosinone,5,1,H,1,1,D,23,9,8,2,12,13,6,1,2,3,0,2,1.85,3.6,4,1.83,3.5,4.25,1.9,3.45,3.8,1.85,3.5,4.2,1.88,3.75,4.54,1.83,3.4,4.5,1.85,3.6,4.5,46,1.9,1.84,3.81,3.58,4.6,4.32,38,2,1.9,1.97,1.89,27,-0.5,1.88,1.84,2.08,2.02,1.99,3.5,4.29
I1,20/04/16,Empoli,Verona,1,0,H,0,0,D,12,20,7,6,16,19,5,5,1,3,0,1,1.83,3.6,4.5,1.85,3.6,4,1.85,3.45,4,1.85,3.4,4.2,1.89,3.62,4.64,1.85,3.4,4.5,1.87,3.6,4.4,46,1.9,1.86,3.76,3.56,4.64,4.28,39,1.85,1.78,2.1,2.03,27,-0.5,1.9,1.87,2.04,1.99,1.93,3.61,4.48
I1,20/04/16,Genoa,Inter,1,0,H,0,0,D,16,17,5,4,15,7,6,5,2,2,0,0,3.6,3.5,2.05,3.5,3.25,2.1,3.1,3.3,2.2,3.5,3.3,2.1,3.67,3.53,2.13,3.4,3.3,2.15,3.8,3.3,2.1,46,3.8,3.52,3.56,3.39,2.2,2.11,38,2.06,1.96,1.92,1.83,28,0.25,2.11,2.05,1.85,1.81,4.3,3.6,1.96
I1,20/04/16,Juventus,Lazio,3,0,H,1,0,H,19,7,12,1,7,12,10,1,1,1,0,1,1.5,4.2,7,1.5,4,6.5,1.5,4,6.1,1.53,3.8,6.5,1.57,4.17,6.94,1.5,4,7,1.53,3.9,7.5,46,1.58,1.54,4.25,3.99,7.5,6.56,38,2.06,1.98,1.9,1.82,29,-1,2.05,1.98,1.95,1.89,1.54,4.17,7.52
I1,20/04/16,Palermo,Atalanta,2,2,D,1,1,D,15,10,3,4,23,21,9,2,3,3,1,0,2.7,3.2,2.75,2.6,3.2,2.7,2.5,3.3,2.65,2.62,3.1,2.7,2.78,3.33,2.78,2.7,3.1,2.7,2.75,3.2,2.75,46,2.78,2.68,3.46,3.23,2.79,2.69,37,2.05,1.97,1.92,1.82,26,0,1.99,1.93,1.97,1.92,2.35,3.4,3.32
I1,20/04/16,Roma,Torino,3,2,H,0,1,A,20,13,6,5,13,16,10,4,1,3,0,0,1.45,4.33,7,1.45,4.33,6.5,1.5,4,6.1,1.48,4.2,7,1.47,4.67,8.04,1.5,4,7,1.44,4.4,8.5,46,1.5,1.46,4.67,4.33,8.5,7.17,37,1.8,1.74,2.2,2.07,28,-1,1.84,1.79,2.18,2.09,1.42,5.11,8.4
I1,20/04/16,Sassuolo,Sampdoria,0,0,D,0,0,D,23,4,8,2,13,14,13,2,4,3,0,1,1.91,3.6,4,1.95,3.4,3.75,2,3.3,3.6,1.95,3.4,3.8,2.01,3.63,4.05,2,3.2,4,1.95,3.4,4.3,46,2.01,1.96,3.71,3.47,4.3,3.93,39,2,1.92,1.96,1.87,27,-0.5,2.01,1.95,1.96,1.91,2.15,3.43,3.8
I1,20/04/16,Udinese,Fiorentina,2,1,H,1,1,D,10,9,3,3,19,14,6,4,2,4,0,0,3.3,3.4,2.2,3.3,3.3,2.15,3.1,3.3,2.2,3.3,3.3,2.15,3.66,3.43,2.19,3.3,3.3,2.2,3.6,3.25,2.2,46,3.66,3.39,3.51,3.33,2.25,2.18,38,2.1,2.01,1.85,1.79,26,0.25,2.06,1.99,1.9,1.86,3.18,3.32,2.47
I1,21/04/16,Milan,Carpi,0,0,D,0,0,D,20,6,3,2,17,15,4,3,2,3,0,0,1.44,4.5,7.5,1.44,4.4,6.75,1.45,4,7,1.44,4,7.5,1.49,4.46,8.18,1.5,4,7,1.45,4.3,8.5,46,1.5,1.46,4.5,4.25,8.5,7.36,39,2,1.92,1.95,1.87,28,-1,1.85,1.81,2.12,2.06,1.45,4.55,9.09
I1,23/04/16,Inter,Udinese,3,1,H,1,1,D,25,12,9,5,7,13,14,6,3,2,0,0,1.44,4.2,8.5,1.44,4.33,7,1.45,4,7,1.48,4.33,7,1.48,4.6,8.01,1.44,4.2,8,1.44,4.5,8,45,1.48,1.44,4.61,4.33,8.5,7.58,39,1.86,1.81,2.1,1.99,27,-1.25,2.1,2.04,1.86,1.82,1.5,4.45,7.7
I1,24/04/16,Atalanta,Chievo,1,0,H,0,0,D,11,10,5,2,12,18,8,6,3,2,1,0,1.95,3.5,4,2,3.2,3.9,2,3.2,3.7,1.95,3.4,3.8,2,3.56,4.18,2,3.2,4,1.95,3.4,4.2,45,2,1.96,3.56,3.35,4.35,4.01,36,2.16,2.07,1.8,1.73,26,-0.5,2,1.96,1.95,1.89,1.98,3.56,4.29
I1,24/04/16,Bologna,Genoa,2,0,H,1,0,H,11,5,5,3,16,17,7,3,1,2,0,0,2.25,3.2,3.4,2.3,3.1,3.2,2.1,3.2,3.4,2.25,3.25,3.25,2.39,3.28,3.36,2.3,3.2,3.2,2.38,3.2,3.3,45,2.4,2.29,3.35,3.19,3.43,3.24,37,2.27,2.17,1.75,1.67,27,-0.25,2.01,1.96,1.95,1.89,2.28,3.36,3.51
I1,24/04/16,Fiorentina,Juventus,1,2,A,0,1,A,21,6,7,3,10,15,5,3,1,3,0,0,3.5,3.3,2.15,3.6,3.3,2.05,3.8,3.45,1.9,3.5,3.3,2.1,3.62,3.4,2.22,3.6,3.2,2.15,3.8,3.2,2.15,45,3.8,3.57,3.46,3.28,2.22,2.12,37,2.2,2.11,1.79,1.71,28,0.25,2.08,2.02,1.88,1.83,4.03,3.37,2.1
I1,24/04/16,Frosinone,Palermo,0,2,A,0,0,D,16,7,4,2,17,19,9,4,3,3,0,0,2.38,3.4,3,2.3,3.3,3,2.4,3.3,2.75,2.3,3.4,3,2.39,3.62,3.08,2.4,3.1,3.1,2.38,3.3,3.13,45,2.4,2.35,3.62,3.37,3.13,2.99,37,1.83,1.77,2.15,2.03,28,-0.25,2.07,2.02,1.88,1.84,2.87,3.48,2.6
I1,24/04/16,Sampdoria,Lazio,2,1,H,1,1,D,13,20,7,4,9,14,4,12,2,6,0,0,2.8,3.2,2.6,2.7,3.2,2.6,2.5,3.3,2.65,2.62,3.3,2.6,2.85,3.39,2.67,2.8,3.1,2.62,2.8,3.2,2.7,45,2.9,2.76,3.41,3.24,2.7,2.6,39,2.05,1.97,1.9,1.82,25,0.25,1.72,1.67,2.29,2.23,3.24,3.51,2.34
I1,24/04/16,Torino,Sassuolo,1,3,A,1,1,D,15,12,3,4,18,7,4,4,2,1,0,0,2.05,3.5,3.6,2.05,3.25,3.6,2,3.3,3.6,2.05,3.4,3.6,2.12,3.51,3.79,2.1,3.3,3.6,2.1,3.25,3.9,45,2.12,2.06,3.51,3.35,3.9,3.67,37,2.11,2.02,1.85,1.78,25,-0.75,2.5,2.38,1.64,1.6,2.5,3.31,3.14
I1,25/04/16,Carpi,Empoli,1,0,H,0,0,D,16,8,3,3,23,13,7,3,3,4,1,1,1.83,3.6,4.5,1.85,3.3,4.33,1.8,3.5,4.2,1.8,3.5,4.5,1.83,3.71,4.87,1.85,3.4,4.5,1.8,3.5,5,44,1.9,1.82,3.71,3.47,5,4.55,36,2.23,2.12,1.77,1.7,25,-0.5,1.86,1.8,2.13,2.04,2.02,3.44,4.27
I1,25/04/16,Roma,Napoli,1,0,H,0,0,D,9,9,3,4,10,12,4,5,2,4,0,0,2.45,3.4,2.9,2.55,3.3,2.65,2.5,3.3,2.65,2.5,3.4,2.7,2.6,3.57,2.81,2.5,3.3,2.8,2.63,3.4,2.7,44,2.63,2.52,3.57,3.37,2.9,2.76,37,1.85,1.78,2.11,2.01,25,0,1.88,1.83,2.06,2.01,2.83,3.59,2.57
I1,25/04/16,Verona,Milan,2,1,H,0,1,A,28,11,12,6,19,11,13,6,1,2,0,0,5,3.6,1.75,5,3.75,1.67,5,3.9,1.6,4.75,3.8,1.7,5.34,4.03,1.71,5,3.5,1.75,5.4,3.75,1.7,44,5.4,4.98,4.03,3.73,1.76,1.7,37,1.84,1.76,2.2,2.04,26,1,1.7,1.66,2.38,2.27,5.03,3.76,1.8
I1,30/04/16,Chievo,Fiorentina,0,0,D,0,0,D,9,21,4,5,20,13,2,6,4,4,0,0,3.8,3.3,2.05,3.75,3.4,2.05,3.1,3.3,2.2,3.6,3.4,2.05,3.9,3.59,2.06,3.75,3.3,2,4.1,3.3,2.05,46,4.33,3.75,3.59,3.39,2.2,2.03,40,2.07,1.99,1.85,1.8,28,0.5,1.88,1.84,2.06,2.03,4.4,3.61,1.94
I1,30/04/16,Udinese,Torino,1,5,A,0,2,A,13,15,4,6,14,9,8,4,2,2,0,0,1.95,3.4,4.2,1.95,3.4,4.1,1.9,3.45,3.8,1.95,3.4,3.8,2.04,3.55,4.03,2,3.3,3.8,2,3.3,4.2,46,2.04,1.98,3.61,3.42,4.2,3.89,39,2.06,1.98,1.87,1.81,28,-0.5,2.04,1.97,1.95,1.89,2.04,3.56,4.03
I1,01/05/16,Empoli,Bologna,0,0,D,0,0,D,5,16,1,6,7,14,0,3,0,2,0,0,2.25,3.2,3.3,2.3,3.3,3.2,2.3,3.3,2.9,2.3,3.25,3.1,2.4,3.37,3.26,2.4,3.1,3.1,2.38,3.2,3.3,46,2.4,2.31,3.4,3.26,3.3,3.14,39,2.06,1.97,1.9,1.82,29,-0.25,2.04,1.99,1.91,1.87,2.4,3.34,3.3
I1,01/05/16,Juventus,Carpi,2,0,H,1,0,H,19,11,3,1,19,12,5,2,6,2,0,0,1.25,5.5,13,1.28,5.5,11.5,1.35,4.8,7.6,1.25,5.25,13,1.28,5.9,14.75,1.29,5,12,1.25,6,13,46,1.35,1.26,6,5.48,15,12.16,37,1.81,1.73,2.17,2.08,30,-1.5,1.9,1.85,2.08,2.01,1.3,5.36,15.1
I1,01/05/16,Lazio,Inter,2,0,H,1,0,H,9,15,4,4,17,11,1,5,5,0,0,1,2.5,3.3,2.9,2.5,3.3,2.9,2.5,3.3,2.65,2.4,3.3,2.9,2.54,3.37,3.03,2.62,3.25,2.62,2.5,3.25,3,46,2.62,2.46,3.4,3.3,3.03,2.87,40,1.92,1.86,2,1.93,27,0,1.87,1.78,2.16,2.08,2.21,3.53,3.53
I1,01/05/16,Milan,Frosinone,3,3,D,0,2,A,24,9,11,4,21,22,12,2,2,7,0,0,1.22,6,15,1.25,6.25,11.5,1.3,5.5,8,1.25,6,12,1.26,6.59,13.38,1.29,5.5,10,1.22,6.5,13,46,1.3,1.24,6.59,6.1,15,11.7,34,1.59,1.53,2.57,2.44,29,-1.75,1.98,1.94,1.97,1.92,1.27,6.65,12.09
I1,01/05/16,Palermo,Sampdoria,2,0,H,1,0,H,10,8,4,4,21,23,3,5,1,5,0,0,1.95,3.5,4,1.95,3.6,3.8,1.9,3.45,3.8,1.95,3.5,3.8,2.01,3.67,3.99,1.95,3.3,4,2,3.5,3.9,46,2.03,1.95,3.7,3.54,4.05,3.83,39,1.85,1.78,2.13,2.01,28,-0.5,2.03,1.97,1.95,1.89,1.93,3.9,4.08
I1,01/05/16,Sassuolo,Verona,1,0,H,0,0,D,6,16,1,2,11,21,2,9,0,1,0,0,1.5,4,7.5,1.53,4.4,6,1.55,4,5.5,1.53,4.2,6,1.56,4.45,6.54,1.57,4,5.5,1.5,4.33,7,46,1.57,1.53,4.5,4.25,7.5,6.09,35,1.65,1.6,2.45,2.29,30,-1,1.92,1.87,2.04,1.98,1.53,4.55,6.89
I1,02/05/16,Genoa,Roma,2,3,A,1,1,D,14,20,5,8,9,9,6,9,3,3,0,0,5.5,3.75,1.67,5.25,4,1.65,4.7,3.6,1.7,5,4,1.65,5.37,4.1,1.69,4.8,3.75,1.7,5.25,3.8,1.7,45,5.5,5.09,4.1,3.91,1.71,1.65,36,1.73,1.68,2.3,2.14,28,0.75,2.07,2.02,1.89,1.84,5.44,4.25,1.66
I1,02/05/16,Napoli,Atalanta,2,1,H,1,0,H,18,3,10,1,13,10,5,3,0,2,0,0,1.17,7.5,17,1.15,8,17,1.17,6.5,14,1.17,7.5,15,1.17,8.77,18.9,1.17,7,15,1.18,7.5,17,45,1.19,1.15,8.77,7.72,20,16.58,33,1.4,1.36,3.1,3,28,-2.25,2.08,2.01,1.88,1.84,1.17,8.95,19.5
I1,07/05/16,Bologna,Milan,0,1,A,0,1,A,8,15,1,5,11,18,5,9,3,5,1,0,3.6,3.4,2.1,3.6,3.3,2.05,3.6,3.3,2,3.5,3.3,2.1,3.72,3.44,2.17,3.75,3.4,2,3.7,3.3,2.15,48,3.75,3.51,3.51,3.38,2.2,2.11,41,2.04,1.95,1.9,1.83,30,0.25,2.09,2.03,1.87,1.83,4.08,3.54,2.03
I1,07/05/16,Inter,Empoli,2,1,H,2,1,H,13,14,5,2,17,10,4,8,3,1,0,0,1.36,5,8.5,1.33,5.25,8,1.37,4.6,7.5,1.33,5,9,1.35,5.55,9.96,1.36,5,8,1.33,5.5,9,48,1.39,1.34,5.55,5.17,9.96,8.65,33,1.57,1.51,2.65,2.5,31,-1.5,2.02,1.97,1.93,1.88,1.39,5.31,9.08
I1,08/05/16,Atalanta,Udinese,1,1,D,1,1,D,8,4,2,2,11,18,3,0,1,2,0,0,3.8,3.3,2.05,3.7,3.3,2,3.3,3.3,2.1,3.5,3.4,2.05,4.05,3.39,2.09,3.6,3.4,2.05,3.6,3.1,2,42,4.05,3.68,3.46,3.34,2.13,2.06,35,2.03,1.94,1.95,1.86,25,0.25,2.19,2.11,1.8,1.76,3.37,3.39,2.33
I1,08/05/16,Carpi,Lazio,1,3,A,0,2,A,27,16,9,7,19,11,9,5,5,2,0,2,2.4,3.4,2.88,2.35,3.2,3,2.3,3.4,2.8,2.4,3.25,2.9,2.62,3.34,2.97,2.5,3.25,2.8,2.6,3.13,3,48,2.62,2.48,3.41,3.25,3,2.9,39,2.12,2.02,1.85,1.77,28,-0.25,2.23,2.15,1.8,1.74,3.06,3.48,2.46
I1,08/05/16,Fiorentina,Palermo,0,0,D,0,0,D,21,4,4,0,16,20,7,1,3,4,0,0,2,3.5,3.75,1.9,3.5,3.9,1.9,3.5,3.7,1.95,3.5,3.8,1.98,3.69,4.09,2,3.3,3.75,1.95,3.6,4,48,2,1.94,3.71,3.56,4.11,3.84,36,1.76,1.7,2.25,2.13,29,-0.5,1.99,1.94,1.97,1.92,1.69,4.03,5.56
I1,08/05/16,Frosinone,Sassuolo,0,1,A,0,0,D,18,21,4,5,16,20,2,8,4,4,0,0,3.8,3.8,1.91,3.9,3.5,1.9,3.4,3.5,2,3.8,3.8,1.85,4.16,3.92,1.91,3.75,3.75,1.91,4.2,3.7,1.87,48,4.2,3.91,4,3.67,2,1.89,37,1.69,1.63,2.31,2.24,29,0.5,2.03,1.96,1.95,1.89,5.4,4.36,1.65
I1,08/05/16,Roma,Chievo,3,0,H,2,0,H,23,11,11,4,15,8,7,2,1,3,0,0,1.22,6.5,13,1.25,5.5,12,1.22,6,10.5,1.22,6,12,1.24,7.12,13.55,1.25,6,11,1.25,6.25,13,48,1.25,1.22,7.12,6.37,14.5,12.69,32,1.5,1.46,2.75,2.62,30,-1.75,1.89,1.85,2.07,2.01,1.21,7.48,16.02
I1,08/05/16,Sampdoria,Genoa,0,3,A,0,2,A,12,18,3,7,20,20,4,4,5,4,0,0,2.38,3.25,3.1,2.3,3.2,3.1,2.3,3.3,2.9,2.3,3.1,3.2,2.49,3.14,3.33,2.4,2.88,3.2,2.4,3.3,3.13,48,2.49,2.37,3.4,3.17,3.35,3.13,40,1.9,1.82,2.06,1.97,30,-0.25,2.1,2.04,1.86,1.82,3.04,3.22,2.63
I1,08/05/16,Torino,Napoli,1,2,A,0,2,A,7,15,2,6,23,5,1,3,3,1,1,0,7.5,5,1.4,6.5,4.5,1.44,6.8,4.6,1.4,6.5,4.75,1.4,7.88,5.12,1.43,6,5,1.44,7.5,5.2,1.4,48,8,7.22,5.2,4.84,1.5,1.41,32,1.45,1.41,1.8,1.74,30,1.25,3.15,2.77,1.93,1.88,8.16,4.98,1.43
I1,08/05/16,Verona,Juventus,2,1,H,1,0,H,12,16,4,5,21,13,3,6,3,2,0,1,6,4.33,1.53,6,4.2,1.5,7,4,1.45,5.75,4.2,1.55,6.41,4.45,1.56,6,4,1.55,6.5,4.2,1.53,48,7,6.06,4.45,4.17,1.62,1.54,35,1.73,1.68,2.28,2.15,31,1,1.99,1.92,1.98,1.93,5.82,4.23,1.63
I1,14/05/16,Juventus,Sampdoria,5,0,H,3,0,H,24,7,12,1,16,4,13,2,3,1,0,1,1.25,6,10,1.3,5,9.75,1.35,4.8,7.6,1.25,5.75,11,1.29,6.28,11.89,1.29,5.5,10,1.29,5.75,11.5,50,1.35,1.27,6.5,5.83,12,10.3,33,1.51,1.46,1.74,1.66,30,-1.75,2,1.95,1.95,1.9,1.21,7.8,15.49
I1,14/05/16,Milan,Roma,1,3,A,0,1,A,14,16,6,9,13,7,4,1,4,0,0,0,3.25,3.6,2.1,3,3.5,2.2,2.8,3.4,2.3,2.9,3.6,2.25,3.11,3.75,2.32,3.2,3.6,2.15,3.1,3.6,2.25,50,3.3,3.03,3.8,3.57,2.32,2.23,33,1.58,1.54,2.61,2.4,30,0.25,1.95,1.91,2.01,1.95,2.95,3.89,2.36
I1,14/05/16,Napoli,Frosinone,4,0,H,1,0,H,33,9,12,2,9,7,16,0,1,1,0,1,1.1,10,26,1.08,10,21,1.1,8,20,1.08,12,29,1.1,12.19,31.03,1.1,8.5,26,1.09,11.5,29,50,1.11,1.08,13.5,10.94,35,25.68,31,1.25,1.22,4.2,4.03,28,-2.75,1.83,1.8,2.16,2.06,1.08,15,40.4
I1,14/05/16,Sassuolo,Inter,3,1,H,3,1,H,9,10,3,6,8,12,5,7,3,3,0,1,1.85,3.8,4,1.85,3.5,4.1,1.85,3.6,3.8,1.83,3.8,4,1.9,3.99,4.09,1.85,3.75,4,1.85,3.75,4.3,50,1.91,1.86,4,3.79,4.3,3.92,33,1.63,1.56,2.45,2.35,29,-0.5,1.9,1.85,2.05,2,1.68,4.38,5.05
I1,15/05/16,Chievo,Bologna,0,0,D,0,0,D,5,16,0,4,16,15,5,7,2,1,0,0,2.15,3.4,3.4,2.1,3.25,3.5,2.2,3.2,3.2,2.1,3.4,3.4,2.13,3.56,3.7,2.1,3.5,3.2,2.15,3.4,3.6,50,2.2,2.12,3.7,3.43,3.7,3.4,40,1.82,1.76,2.12,2.04,30,-0.25,1.88,1.84,2.1,2.02,2.38,3.37,3.3
I1,15/05/16,Empoli,Torino,2,1,H,1,0,H,10,18,3,5,12,12,3,4,2,1,0,0,2.55,3.5,2.7,2.45,3.4,2.7,2.3,3.2,3,2.5,3.4,2.7,2.67,3.53,2.76,2.38,3.5,2.88,2.6,3.5,2.7,50,2.67,2.53,3.6,3.42,3,2.69,36,1.59,1.54,2.57,2.4,27,-0.25,2.31,2.2,1.74,1.7,2.71,3.67,2.64
I1,15/05/16,Genoa,Atalanta,1,2,A,0,0,D,11,13,2,4,19,14,8,5,3,3,0,0,1.85,3.6,4.2,1.9,3.5,3.9,1.9,3.45,3.8,1.85,3.6,4,1.93,3.69,4.34,1.95,3.3,4,1.87,3.8,4.1,50,1.95,1.89,3.8,3.62,4.35,3.96,33,1.65,1.57,1.61,1.57,29,-0.5,1.95,1.89,2.03,1.97,1.59,4.58,5.8
I1,15/05/16,Lazio,Fiorentina,2,4,A,1,3,A,16,16,6,5,8,10,6,4,0,1,0,0,2.1,3.4,3.5,2.15,3.5,3.1,2.1,3.3,3.3,2.15,3.4,3.25,2.23,3.63,3.37,2.15,3.3,3.4,2.2,3.6,3.3,50,2.25,2.16,3.65,3.49,3.5,3.23,36,1.69,1.63,2.4,2.23,30,-0.25,1.92,1.87,2.05,1.99,1.92,4.17,3.85
I1,15/05/16,Palermo,Verona,3,2,H,1,0,H,5,14,3,4,18,19,4,4,2,2,1,1,1.2,7,13,1.2,6.5,11.5,1.2,6.5,10.5,1.22,6.5,12,1.21,7.84,15.69,1.17,6.5,13,1.17,6.25,12,50,1.27,1.21,7.84,6.54,15.69,12.89,33,1.45,1.4,3.35,2.84,28,-1.75,1.94,1.87,2.05,1.99,1.28,6.56,11.89
I1,15/05/16,Udinese,Carpi,1,2,A,0,2,A,15,10,5,5,14,17,6,3,3,3,1,0,2.3,3.4,3.1,2.2,3.4,3.1,2.5,3.5,2.5,2.25,3.3,3.1,2.28,3.53,3.35,2.4,3.5,2.8,2.2,3.13,3.1,50,2.5,2.27,3.53,3.37,3.35,3.11,42,1.86,1.8,2.07,2,30,-0.25,2.02,1.97,1.96,1.88,2.08,3.79,3.61
,,,,,,,,,,,,,,,,,,,,,,,,,,,,,,,,,,,,,,,,,,,,,,,,,,,,,,,,,,,,,,,
